upc_code,genre,title,books_available,price_in_pounds
a897fe39b1053632,Poetry,A Light in the Attic,22,51.77
90fa61229261140a,Historical Fiction,Tipping the Velvet,20,53.74
6957f44c3847a760,Fiction,Soumission,20,50.1
e00eb4fd7b871a48,Mystery,Sharp Objects,20,47.82
4165285e1663650f,History,Sapiens: A Brief History of Humankind,20,54.230000000000004
f77dbf2323deb740,Young Adult,The Requiem Red,19,22.650000000000002
2597b5a345f45e1b,Business,The Dirty Little Secrets of Getting Your Dream Job,19,33.339999999999996
e72a5dfc7e9267b2,Default,"The Coming Woman: A Novel Based on the Life of the Infamous Feminist, Victoria Woodhull",19,17.93
e10e1e165dc8be4a,Default,The Boys in the Boat: Nine Americans and Their Epic Quest for Gold at the 1936 Berlin Olympics,19,22.6
1dfe412b8ac00530,Poetry,The Black Maria,19,52.15
0312262ecafa5a40,Default,"Starving Hearts (Triangular Trade Trilogy, #1)",19,13.99
30a7f60cd76ca58c,Poetry,Shakespeare's Sonnets,19,20.66
ce6396b0f23f6ecc,Young Adult,Set Me Free,19,17.459999999999997
3b1c02bac2a429e6,Sequential Art,Scott Pilgrim's Precious Little Life (Scott Pilgrim #1),19,52.290000000000006
a34ba96d4081e6a4,Music,Rip it Up and Start Again,19,35.02
deda3e61b9514b83,Music,"Our Band Could Be Your Life: Scenes from the American Indie Underground, 1981-1991",19,57.25
feb7cc7701ecf901,Poetry,Olio,19,23.88
e30f54cea9b38190,Science Fiction,Mesaerion: The Best Science Fiction Stories 1800-1849,19,37.59
a18a4f574854aced,Politics,Libertarianism for Beginners,19,51.33
a22124811bfa8350,Travel,It's Only the Himalayas,19,45.17
23356462d1320d61,Thriller,In Her Wake,19,12.84
327f68a59745c102,Music,How Music Works,19,37.32
5674a18a29a43ced,Food and Drink,"Foolproof Preserving: A Guide to Small Batch Jams, Jellies, Pickles, Condiments, and More: A Foolproof Guide to Making Small Batch Jams, Jellies, Pickles, Condiments, and More",19,30.52
c2e46a2ee3b4a322,Romance,Chase Me (Paris Nights #2),19,25.27
00bfed9e18bb36f3,Romance,Black Dust,19,34.53
9528d0948525bf5f,Childrens,Birdsong: A Story in Pictures,19,54.64
c7d160c2c0de586f,Default,America's Cradle of Quarterbacks: Western Pennsylvania's Football Factory from Johnny Unitas to Joe Montana,19,22.5
904208d6aa64b655,Default,Aladdin and His Wonderful Lamp,19,53.13
4c28def39d850cdf,Nonfiction,Worlds Elsewhere: Journeys Around Shakespeare’s Globe,18,40.3
ccd9ffa25efabdea,Art,Wall and Piece,18,44.18
6258a1f6a6dcfe50,Spirituality,The Four Agreements: A Practical Guide to Personal Freedom,18,17.66
3c039985229453bf,Nonfiction,The Five Love Languages: How to Express Heartfelt Commitment to Your Mate,18,31.05
5dada2b7be26bd03,Thriller,The Elephant Tree,18,23.82
9f6568e9c95f60b0,Childrens,The Bear and the Piano,18,36.89
6be3beb0793a53e7,Philosophy,Sophie's World,18,15.94
668fe56b17cfcd4f,Default,Penny Maybe,18,33.290000000000006
094b269567e1c300,Default,Maude (1883-1993):She Grew Up with the country,18,18.02
19ed25f4641d5efd,Mystery,"In a Dark, Dark Wood",18,19.630000000000003
be5cc846f45496fb,Thriller,Behind Closed Doors,18,52.220000000000006
55f9da0c5eea2e10,Poetry,You can't bury them all: Poems,17,33.63
b4fd5943413e089a,Poetry,Slow States of Collapse: Poems,17,57.309999999999995
c8f7f0cb1abb9cac,Nonfiction,Reasons to Stay Alive,17,26.41
b12b89017878a60d,Fiction,Private Paris (Private #10),17,47.61
c27f6e1f185b0383,Nonfiction,#HigherSelfie: Wake Up Your Life. Free Your Soul. Find Your Tribe.,17,23.110000000000003
acddfeab2a407640,New Adult,Without Borders (Wanderlove #1),16,45.07
3ecb690d1542c568,Contemporary,When We Collided,16,31.77
8d455c7539795d2a,Fiction,"We Love You, Charlie Freeman",16,50.27
657fe5ead67a7767,Poetry,Untitled Collection: Sabbath Poems 2014,16,14.27
d170b5a0da46380e,Nonfiction,"Unseen City: The Majesty of Pigeons, the Discreet Charm of Snails & Other Wonders of the Urban Wilderness",16,44.18
7ae099f3898e0209,Fantasy,Unicorn Tracks,16,18.779999999999998
9a9d6e9bc555731e,History,"Unbound: How Eight Technologies Made Us Human, Transformed Society, and Brought Our World to the Brink",16,25.52
09555be379ad9253,Sequential Art,Tsubasa: WoRLD CHRoNiCLE 2 (Tsubasa WoRLD CHRoNiCLE #2),16,16.279999999999998
7858914fad68493c,Nonfiction,Throwing Rocks at the Google Bus: How Growth Became the Enemy of Prosperity,16,31.12
51653ef291ab7ddc,Sequential Art,This One Summer,16,19.49
709822d0b5bcb7f4,Fiction,Thirst,16,17.27
4eed62cf5f8d8edf,Add a comment,The Torch Is Passed: A Harding Family Story,16,19.09
b5ea0b5dabed25a8,Childrens,The Secret of Dreadwillow Carse,16,56.13
142d767a56a9254d,Food and Drink,"The Pioneer Woman Cooks: Dinnertime: Comfort Classics, Freezer Food, 16-Minute Meals, and Other Delicious Ways to Solve Supper!",16,56.41
5ee94540d0749ea0,Mystery,The Past Never Ends,16,56.5
cedf82b5086e4691,Young Adult,The Natural History of Us (The Fine Art of Pretending #2),16,45.220000000000006
7d385d34d12e60ff,Sequential Art,The Nameless City (The Nameless City #1),16,38.160000000000004
d01ac97e2b8947c2,Fiction,The Murder That Never Was (Forensic Instincts #5),16,54.11
aadee1c326d286e3,Science,The Most Perfect Thing: Inside (and Outside) a Bird's Egg,16,42.96
31075275518532d7,Add a comment,"The Mindfulness and Acceptance Workbook for Anxiety: A Guide to Breaking Free from Anxiety, Phobias, and Worry Using Acceptance and Commitment Therapy",16,23.89
0da9aa9d24677fc0,Nonfiction,The Life-Changing Magic of Tidying Up: The Japanese Art of Decluttering and Organizing,16,16.77
8c9e6bf2467d740d,Default,"The Inefficiency Assassin: Time Management Tactics for Working Smarter, Not Longer",16,20.59
acd86a5426e21ca0,Nonfiction,The Gutsy Girl: Escapades for Your Life of Epic Adventure,16,37.13
a30b270e25489e5c,Nonfiction,The Electric Pencil: Drawings from Inside State Hospital No. 3,16,56.06
bd261725b99f5983,Philosophy,The Death of Humanity: and the Case for Life,16,58.11
43c6a960757cf559,Health,"The Bulletproof Diet: Lose up to a Pound a Day, Reclaim Energy and Focus, Upgrade Your Life",16,49.05
80cfab6bcff3a244,Add a comment,The Art Forger,16,40.760000000000005
a3d2a4250807f1e9,History,The Age of Genius: The Seventeenth Century and the Birth of the Modern Mind,16,19.73
7d6d2a6c0276f81b,Spirituality,The Activist's Tao Te Ching: Ancient Advice for a Modern Revolution,16,32.24
87b0615b6e1f4d7b,Nonfiction,Spark Joy: An Illustrated Master Class on the Art of Organizing and Tidying Up,16,41.83
e6af5bf1163c1151,Default,Soul Reader,16,39.58
6f78a0d744c35456,Horror,Security,16,39.25
c849f0b2f5d6a742,Fantasy,"Saga, Volume 6 (Saga (Collected Editions) #6)",16,25.02
53a3d11bb568cc8b,Sequential Art,"Saga, Volume 5 (Saga (Collected Editions) #5)",16,51.04
d7310206583a54b6,Nonfiction,Reskilling America: Learning to Labor in the Twenty-First Century,16,19.830000000000002
c82a3e358c773c73,Sequential Art,"Rat Queens, Vol. 3: Demons (Rat Queens (Collected Editions) #11-15)",16,50.4
0fa6dceead7ce47a,Sequential Art,"Princess Jellyfish 2-in-1 Omnibus, Vol. 01 (Princess Jellyfish 2-in-1 Omnibus #1)",16,13.61
0e691eda369f4e09,Fantasy,Princess Between Worlds (Wide-Awake Princess #5),16,13.34
e80f8e518b300dfe,Sequential Art,"Pop Gun War, Volume 1: Gift",16,18.97
7392c0032f92d816,History,"Political Suicide: Missteps, Peccadilloes, Bad Calls, Backroom Hijinx, Sordid Pasts, Rotten Breaks, and Just Plain Dumb Mistakes in the Annals of American Politics",16,36.28
9429b4d59c537af5,Sequential Art,Patience,16,10.16
889139b8e9c4cb36,Sequential Art,"Outcast, Vol. 1: A Darkness Surrounds Him (Outcast #1)",16,15.44
11809b1d323b3057,Sequential Art,orange: The Complete Collection 1 (orange: The Complete Collection #1),16,48.41
9ffa38d3b832433a,Self Help,Online Marketing for Busy Authors: A Step-By-Step Guide,16,46.349999999999994
b757c0c361e689ce,Add a comment,On a Midnight Clear,16,14.07
3c346ab1e76ae1f6,Young Adult,Obsidian (Lux #1),16,14.860000000000001
784bc2279baa878d,Food and Drink,My Paris Kitchen: Recipes and Stories,16,33.37
fa9610a50a1bf149,Fantasy,Masks and Shadows,16,56.4
72f9d5be3472d34e,Food and Drink,"Mama Tried: Traditional Italian Cooking for the Screwed, Crude, Vegan, and Tattooed",16,14.02
460089f796fb3f82,Sequential Art,"Lumberjanes, Vol. 2: Friendship to the Max (Lumberjanes #5-8)",16,46.91
b6ee99bcf06fc91f,Sequential Art,"Lumberjanes, Vol. 1: Beware the Kitten Holy (Lumberjanes #1-4)",16,45.61
57e5a4d515c8ce44,Sequential Art,Lumberjanes Vol. 3: A Terrible Plan (Lumberjanes #9-12),16,19.919999999999998
7b75cc7f223791f4,Food and Drink,"Layered: Baking, Building, and Styling Spectacular Cakes",16,40.11
228f74b74f3a08ae,Add a comment,Judo: Seven Steps to Black Belt (an Introductory Guide for Beginners),16,53.9
18ad3ed896c7ce05,Science Fiction,Join,16,35.67
b136b1b180ca753a,Nonfiction,In the Country We Love: My Family Divided,16,22
e4f74c16de34d440,Science,Immunity: How Elie Metchnikoff Changed the Course of Modern Medicine,16,57.36
8d4eefad7a2b3915,Sequential Art,"I Hate Fairyland, Vol. 1: Madly Ever After (I Hate Fairyland (Compilations) #1-5)",16,29.17
1c89ae5bb804e4de,Sequential Art,I am a Hero Omnibus Volume 1,16,54.63
a6f99b9e687f9d46,Self Help,How to Be Miserable: 40 Strategies You Already Use,16,46.03
2a97cffe61c3c4c7,Romance,Her Backup Boyfriend (The Sorensen Family #1),16,33.97
f2df3bb043a8abb0,Sequential Art,"Giant Days, Vol. 2 (Giant Days #5-8)",16,22.110000000000003
9beb96a2300109d7,Historical Fiction,Forever and Forever: The Courtship of Henry Longfellow and Fanny Appleton,16,29.69
9e28048cea8d41f7,Romance,First and First (Five Boroughs #3),16,15.97
7add3f8e49ec0826,Romance,Fifty Shades Darker (Fifty Shades #2),16,21.959999999999997
311c0dd0e354a33e,Nonfiction,Everydata: The Misinformation Hidden in the Little Data You Consume Every Day,16,54.349999999999994
fce19f9b4a943f22,Religion,"Don't Be a Jerk: And Other Practical Advice from Dogen, Japan's Greatest Zen Master",16,37.97
09b6cc87e62c2c58,Sequential Art,Danganronpa Volume 1,16,51.99
7267864328ae8b9d,Fantasy,Crown of Midnight (Throne of Glass #2),16,43.290000000000006
8754c83ab2a7ae71,Sequential Art,"Codename Baboushka, Volume 1: The Conclave of Death",16,36.720000000000006
7b599c8bfcdd8d30,Sequential Art,Camp Midnight,16,17.08
bee3672891cca906,Nonfiction,Call the Nurse: True Stories of a Country Nurse on a Scottish Isle,16,29.14
5ceb951f629700a2,Young Adult,Burning,16,28.810000000000002
74baabfc8fd84b38,Default,Bossypants,16,49.46
bdf415fd484ea8a7,Sequential Art,"Bitch Planet, Vol. 1: Extraordinary Machine (Bitch Planet (Collected Editions))",16,37.92
6d5300b2d8f37e07,Fantasy,"Avatar: The Last Airbender: Smoke and Shadow, Part 3 (Smoke and Shadow #3)",16,28.09
38d45839cb1c83c1,Nonfiction,Algorithms to Live By: The Computer Science of Human Decisions,16,30.810000000000002
70ed59f194b3c556,Default,A World of Flavor: Your Gluten Free Passport,16,42.949999999999996
8a380641491d43ed,Default,"A Piece of Sky, a Grain of Rice: A Memoir in Four Meditations",16,56.760000000000005
f733e8c19d40ec2e,Mystery,A Murder in Time,16,16.64
3a6fb983e2554023,Historical Fiction,A Flight of Arrows (The Pathfinders #2),16,55.53
842790dfaa937484,Young Adult,A Fierce and Subtle Poison,16,28.130000000000003
01d2001ac1e6f8a3,Fantasy,A Court of Thorns and Roses (A Court of Thorns and Roses #1),16,52.37
e4ac92d89b946781,Christian,(Un)Qualified: How God Uses Broken People to Do Big Things,16,54
796c87ddbbaaf8c5,Religion,You Are What You Love: The Spiritual Power of Habit,15,21.87
9270575728a13a61,Science Fiction,"William Shakespeare's Star Wars: Verily, A New Hope (William Shakespeare's Star Wars #4)",15,43.3
b8736690cf263a3c,Fiction,Tuesday Nights in 1980,15,21.04
d7d6d50c1e3d0b81,Default,Tracing Numbers on a Train,15,41.6
590a9cccf7db9f7d,Fantasy,Throne of Glass (Throne of Glass #1),15,35.07
de3f25248ba0789f,History,Thomas Jefferson and the Tripoli Pirates: The Forgotten War That Changed American History,15,59.64
bc2a85fd35fdc7bd,Default,Thirteen Reasons Why,15,52.720000000000006
37c0cb19713d8dda,Childrens,The White Cat and the Monk: A Retelling of the Poem “Pangur Bán”,15,58.08
623e1a180426039b,Romance,The Wedding Dress,15,24.12
fd3a622648667296,Fiction,The Vacationers,15,42.15
3bebf34ee9330cbd,Business,The Third Wave: An Entrepreneur’s Vision of the Future,15,12.61
f5a92cff83897d48,Philosophy,The Stranger,15,17.439999999999998
d6361d16212664ed,Sequential Art,The Shadow Hero (The Shadow Hero),15,33.14
961f18db4f138211,Default,The Secret (The Secret #1),15,27.37
0651062381f0636a,Fiction,The Regional Office Is Under Attack!,15,51.36
e98a4efa85070c2f,Default,The Psychopath Test: A Journey Through the Madness Industry,15,36
790ef197c8f236f5,Science Fiction,The Project,15,10.65
8ec14b1576cb7cb5,Nonfiction,The Power of Now: A Guide to Spiritual Enlightenment,15,43.54
209adad1015af86f,Nonfiction,The Omnivore's Dilemma: A Natural History of Four Meals,15,38.21
e4c7f3487d17fd42,Food and Drink,The Nerdy Nummies Cookbook: Sweet Treats for the Geek in All of Us,15,37.339999999999996
c7b5183f4d1d4efe,Mystery,The Murder of Roger Ackroyd (Hercule Poirot #4),15,44.1
99ff4cc6491e8f5c,New Adult,The Mistake (Off-Campus #2),15,43.290000000000006
08db62f24627e71f,New Adult,The Matchmaker's Playbook (Wingmen Inc. #1),15,55.849999999999994
e28e330cbdf01126,Food and Drink,The Love and Lemons Cookbook: An Apple-to-Zucchini Celebration of Impromptu Cooking,15,37.6
abeafe151a587d3b,Crime,The Long Shadow of Small Ghosts: Murder and Memory in an American City,15,10.97
eac1a180047ad54e,Default,The Kite Runner,15,41.82
9287e238d7c3b06e,Historical Fiction,The House by the Lake,15,36.949999999999996
2dbb7ec08cdd7f3c,Fantasy,The Glittering Court (The Glittering Court #1),15,44.28
e956d67c9bcc5809,Default,The Girl on the Train,15,55.02
42d0d7c92b75fc1c,Nonfiction,The Genius of Birds,15,17.24
d6670dfe3e7b42bd,Default,The Emerald Mystery,15,23.150000000000002
96a38e7c813d8f1d,Food and Drink,The Cookies & Cups Cookbook: 125+ sweet & savory recipes reminding you to Always Eat Dessert First,15,41.25
efc3768127714ec3,Default,The Bridge to Consciousness: I'm Writing the Bridge Between Science and Our Old and New Beliefs.,15,32
dd047728de72ad62,Nonfiction,The Artist's Way: A Spiritual Path to Higher Creativity,15,38.49
e7469e22b5bfb3e7,Default,The Art of War,15,33.339999999999996
c99761a700ade23f,Autobiography,The Argonauts,15,10.93
56e4f9eab2e8e674,Business,The 10% Entrepreneur: Live Your Startup Dream Without Quitting Your Day Job,15,27.55
203b7f94b7d6115f,Romance,Suddenly in Love (Lake Haven #1),15,55.99
ca71e72655bece85,Romance,Something More Than This,15,16.24
2a70769cdc6eb8b8,Science Fiction,Soft Apocalypse,15,26.12
1b33663ad7b95fd8,Nonfiction,So You've Been Publicly Shamed,15,12.229999999999999
0e0dcc3339602b28,Business,Shoe Dog: A Memoir by the Creator of NIKE,15,23.99
0c27e6c3744fc14b,Add a comment,"Shobu Samurai, Project Aryoku (#3)",15,29.06
ad04ad9fc179fc5d,Default,Secrets and Lace (Fatal Hearts #1),15,20.27
1c929cfd16b71907,Young Adult,Scarlett Epstein Hates It Here,15,43.55
e656e280bc8edd56,Default,Romero and Juliet: A Tragic Tale of Love and Zombies,15,36.94
b53db2271c9624f7,Christian Fiction,Redeeming Love,15,20.47
d9c643fa1fc57bdb,Default,Poses for Artists Volume 1 - Dynamic and Sitting Poses: An Essential Reference for Figure Drawing and the Human Form,15,41.06
31001a1210623bd4,Poetry,Poems That Make Grown Women Cry,15,14.19
50b8f80311b31ede,Young Adult,"Nightingale, Sing",15,38.28
cfeb1e1e0e695b58,Poetry,Night Sky with Exit Wounds,15,41.05
a40723994f715420,Historical Fiction,Mrs. Houdini,15,30.25
caf4fe9311f1dc59,Add a comment,Modern Romance,15,28.259999999999998
af96613fdd793a3c,Default,Miss Peregrine’s Home for Peculiar Children (Miss Peregrine’s Peculiar Children #1),15,10.76
d69dd8dac66f9f84,Biography,Louisa: The Extraordinary Life of Mrs. Adams,15,16.85
4aa03792b50f0b22,Childrens,Little Red,15,13.47
ba54932df84e8cea,Young Adult,Library of Souls (Miss Peregrine’s Peculiar Children #3),15,48.56
c1afd71fc86bf682,Default,Large Print Heart of the Pride,15,19.150000000000002
fd8585283fc7d2d7,Womens Fiction,I Had a Nice Time And Other Lies...: How to find love & sh*t like that,15,57.36
4ce91d31c1e57c33,Fantasy,Hollow City (Miss Peregrine’s Peculiar Children #2),15,42.98
d163dd6c352fbcd2,Default,Grumbles,15,22.16
ce60436f52c5ee68,Travel,Full Moon over Noah’s Ark: An Odyssey to Mount Ararat and Beyond,15,49.43
116a2fdc9a45bab0,Young Adult,Frostbite (Vampire Academy #2),15,29.99
8585760646e3aa2a,Horror,Follow You Home,15,21.36
2f88b08bf0a0e367,Default,First Steps for New Christians (Print Edition),15,29
edb3097e71330040,Fiction,Finders Keepers (Bill Hodges Trilogy #2),15,53.53
65d034adf80834b7,Sequential Art,"Fables, Vol. 1: Legends in Exile (Fables #1)",15,41.620000000000005
29c0025455f8c585,Default,Eureka Trivia 6.0,15,54.59
6ffb36aaeff1c81e,Default,Drive: The Surprising Truth About What Motivates Us,15,34.949999999999996
f6d967cdadc6fbd9,Default,Done Rubbed Out (Reightman & Bailey #1),15,37.720000000000006
3a11bb962ff45b78,Romance,Doing It Over (Most Likely To #1),15,35.61
46c1530d7546ea6d,Food and Drink,"Deliciously Ella Every Day: Quick and Easy Recipes for Gluten-Free Snacks, Packed Lunches, and Simple Meals",15,42.160000000000004
88c21fcd38e2486e,Erotica,Dark Notes,15,19.19
3b9a3b4624b7fd6d,Nonfiction,"Daring Greatly: How the Courage to Be Vulnerable Transforms the Way We Live, Love, Parent, and Lead",15,19.43
a57b1dcbd6849222,Christian Fiction,Close to You,15,49.46
513271dadc1322ae,Spirituality,Chasing Heaven: What Dying Taught Me About Living,15,37.8
1f329c2e7d7de8bd,Nonfiction,Big Magic: Creative Living Beyond Fear,15,30.8
919e7cb2269a25d2,Nonfiction,Becoming Wise: An Inquiry into the Mystery and Art of Living,15,27.43
3f69e667a67e54d9,Default,Beauty Restored (Riley Family Legacy Novellas #3),15,11.11
7edc0527cf782e19,Sequential Art,Batman: The Long Halloween (Batman),15,36.5
47271d8e08b5d31c,Sequential Art,Batman: The Dark Knight Returns (Batman),15,15.38
05f7c6d9a4e582d3,Default,Ayumi's Violin,15,15.48
d24b829be2ca81c4,Default,Anonymous,15,46.82
7ebfa6c1bee69e1e,Default,Amy Meets the Saints and Sages,15,18.459999999999997
bb8245f52c7cce8f,Cultural,Amid the Chaos,15,36.58
ffd54178acc9a6a5,Default,Amatus,15,50.54
d195e7f4ed697350,Nonfiction,Agnostic: A Spirited Manifesto,15,12.51
dd5bfa6cc2c0ecc3,History,Zealot: The Life and Times of Jesus of Nazareth,14,24.7
024387ca4cafd5cc,Thriller,You (You #1),14,43.61
047097293bb4d1c0,Sequential Art,"Wonder Woman: Earth One, Volume One (Wonder Woman: Earth One #1)",14,37.339999999999996
3fb15ace50d6142b,Young Adult,Wild Swans,14,14.360000000000001
2b5054a4192e9b06,Politics,Why the Right Went Wrong: Conservatism--From Goldwater to the Tea Party and Beyond,14,52.65
44a10f1ac8ce822e,Nonfiction,Whole Lotta Creativity Going On: 60 Fun and Unusual Exercises to Awaken and Strengthen Your Creativity,14,38.2
6fd646a334e6e133,Nonfiction,What's It Like in Space?: Stories from Astronauts Who've Been There,14,19.6
92275cedf6d8ee15,Sequential Art,"We Are Robin, Vol. 1: The Vigilante Business (We Are Robin #1)",14,53.9
6a31307a81e8f3a8,Childrens,Walt Disney's Alice in Wonderland,14,12.96
4a1debca3135ff37,Default,V for Vendetta (V for Vendetta Complete),14,37.1
aba2db9afb1469c7,Young Adult,Until Friday Night (The Field Party #1),14,46.309999999999995
76c84daa539426e2,Default,"Unbroken: A World War II Story of Survival, Resilience, and Redemption",14,45.949999999999996
1d6443ffba9dfd80,Childrens,Twenty Yawns,14,22.08
6e44bcbeac7f4360,Sequential Art,Through the Woods,14,25.38
f0f38174a7e689a3,Young Adult,This Is Where It Ends,14,27.12
34c0d7c4ee5650af,Nonfiction,The Year of Magical Thinking,14,43.04
08b2f71d93836313,Default,The Wright Brothers,14,56.8
6875c5657661b2fb,Add a comment,The White Queen (The Cousins' War #1),14,25.91
c5cb9f885d8b3621,Romance,The Wedding Pact (The O'Malleys #2),14,32.61
e9906e2f0d189745,Fiction,The Time Keeper,14,27.88
081305e6df719dff,Fiction,The Testament of Mary,14,52.67
1528279aec1f3dce,Fantasy,The Star-Touched Queen,14,46.02
00c4543ec6bd25b4,Default,The Songs of the Gods,14,44.48
e88fb1c9397cfb27,Add a comment,The Song of Achilles,14,37.4
012094e90a4b908d,Default,The Rosie Project (Don Tillman #1),14,54.04
6bdd909329435e80,Default,The Power of Habit: Why We Do What We Do in Life and Business,14,16.88
52cf2a5933ec5d8f,Historical Fiction,The Marriage of Opposites,14,28.08
4e812d32d64e2431,Psychology,The Lucifer Effect: Understanding How Good People Turn Evil,14,10.4
f21effc079a2b38a,Humor,The Long Haul (Diary of a Wimpy Kid #9),14,44.07
2d88a31f325dfd3b,Horror,The Loney,14,23.4
4881cc53f6c8892f,Nonfiction,The Literature Book (Big Ideas Simply Explained),14,17.43
3bc89353f7e3a3cc,Mystery,The Last Mile (Amos Decker #2),14,54.21
f72f61ad6a5f12ed,Add a comment,The Immortal Life of Henrietta Lacks,14,40.67
992974ba6a0536ea,Fantasy,The Hidden Oracle (The Trials of Apollo #1),14,52.260000000000005
ddc8340dabc8641b,Food and Drink,The Help Yourself Cookbook for Kids: 60 Easy Plant-Based Recipes Kids Can Make to Stay Healthy and Save the Earth,14,28.77
847935fc68707426,Thriller,The Guilty (Will Robie #4),14,13.82
a86972014275e072,Fiction,The First Hostage (J.B. Collins #2),14,25.85
3d76bc83c6b644c9,Add a comment,The Dovekeepers,14,48.78
6edacfd1f8ebb9eb,Young Adult,The Darkest Lie,14,35.349999999999994
dc6f688b82e42a5b,Fantasy,The Bane Chronicles (The Bane Chronicles #1-11),14,44.730000000000004
923831a05c9f91f7,Nonfiction,The Bad-Ass Librarians of Timbuktu: And Their Race to Save the World’s Most Precious Manuscripts,14,15.77
1b8187fa4bf6ab05,Thriller,The 14th Colony (Cotton Malone #11),14,39.24
0c7b9cf2b7662b65,Mystery,That Darkness (Gardiner and Renner #1),14,13.92
2d1e337aaf341858,Mystery,Tastes Like Fear (DI Marnie Rome #3),14,10.69
2c04320e110a14a3,Fiction,Take Me with You,14,45.21
4c8b7540409da4ac,Nonfiction,Swell: A Year of Waves,14,45.58
ac8e3949d284e9a9,Sequential Art,Superman Vol. 1: Before Truth (Superman by Gene Luen Yang #1),14,11.89
fe44cc816576c652,Fiction,Still Life with Bread Crumbs,14,26.41
95019eac1c0a052f,Default,Steve Jobs,14,39.5
3edcccc4f341fb1a,Science,Sorting the Beef from the Bull: The Science of Food Fraud Forensics,14,44.74
a278db6b2b09cf9f,Contemporary,Someone Like You (The Harrisons #2),14,52.790000000000006
394f6d30cafc3edb,Sequential Art,"So Cute It Hurts!!, Vol. 6 (So Cute It Hurts!! #6)",14,35.43
830fb3967c74866d,Fiction,Shtum,14,55.839999999999996
f9705c362f070608,Travel,See America: A Celebration of Our National Parks & Treasured Sites,14,48.87
86cbddb61ea78bb7,Poetry,salt.,14,46.78
85b2176b3b194030,Sequential Art,Robin War,14,47.82
31e2e2d9cca3778f,Sequential Art,"Red Hood/Arsenal, Vol. 1: Open for Business (Red Hood/Arsenal #1)",14,25.479999999999997
a6454e329f872b78,Childrens,Rain Fish,14,23.57
aa35446aab16017f,Poetry,"Quarter Life Poetry: Poems for the Young, Broke and Hangry",14,50.89
af58a74e4b2a23a0,Horror,Pet Sematary,14,10.56
8ecf0356a3878811,Self Help,"Overload: How to Unplug, Unwind, and Unleash Yourself from the Pressure of Stress",14,52.15
e34efcc824685332,Childrens,Once Was a Time,14,18.279999999999998
02b74068fa98d8a4,Humor,Old School (Diary of a Wimpy Kid #10),14,11.83
132ec5e8c984adef,Nonfiction,No Dream Is Too High: Life Lessons From a Man Who Walked on the Moon,14,21.95
71e36f33981ddb74,Sequential Art,"Naruto (3-in-1 Edition), Vol. 14: Includes Vols. 40, 41 & 42 (Naruto: Omnibus #14)",14,38.39
727bf2b86b19ad88,Fiction,My Name Is Lucy Barton,14,41.56
cc82685d9f49bc2c,Fiction,My Mrs. Brown,14,24.479999999999997
137b0b2775701e11,Young Adult,My Kind of Crazy,14,40.36
caa2e5b3fb1b2d4c,Fiction,Mr. Mercedes (Bill Hodges Trilogy #1),14,28.9
47d47155e89c8be7,Add a comment,More Than Music (Chasing the Dream #1),14,37.61
b96fc7a0ea7d4b45,Business,Made to Stick: Why Some Ideas Survive and Others Die,14,38.849999999999994
5b43cae640f2338a,Childrens,Luis Paints the World,14,53.949999999999996
d512871626a5e588,Default,Luckiest Girl Alive,14,49.83
a10c7515834240f3,Sequential Art,Lowriders to the Center of the Earth (Lowriders in Space #2),14,51.51
adb5f51c2e2ab13f,Music,Love Is a Mix Tape (Music #1),14,18.03
24af96df0bafb925,Nonfiction,Looking for Lovely: Collecting the Moments that Matter,14,29.14
17fb5a88180f9904,Default,"Living Leadership by Insight: A Good Leader Achieves, a Great Leader Builds Monuments",14,46.91
1174156c4a0eccaa,Nonfiction,Let It Out: A Journey Through Journaling,14,26.79
708345c9897fd7c5,Default,Lady Midnight (The Dark Artifices #1),14,16.279999999999998
245e6bf08b8d2955,Food and Drink,"It's All Easy: Healthy, Delicious Weeknight Meals in under 30 Minutes",14,19.55
2b52334fab158861,Fantasy,Island of Dragons (Unwanteds #7),14,29.650000000000002
b8a8ff84233f0570,Humor,I Know What I'm Doing -- and Other Lies I Tell Myself: Dispatches from a Life Under Construction,14,25.979999999999997
aeff7b87a8e83ebb,Fiction,I Am Pilgrim (Pilgrim #1),14,10.6
fbb21a2f71f4d981,Humor,"Hyperbole and a Half: Unfortunate Situations, Flawed Coping Mechanisms, Mayhem, and Other Things That Happened",14,14.75
6b6cd77fbc91b7a6,Default,"Hush, Hush (Hush, Hush #1)",14,47.02
0b165bd4b9f42fd5,Romance,Hold Your Breath (Search and Rescue #1),14,28.82
afa829857f82f99e,Nonfiction,Hamilton: The Revolution,14,58.790000000000006
f201f263d8c23f97,Default,Greek Mythic History,14,10.229999999999999
eec424a84c9e4c68,Religion,God: The Most Unpleasant Character in All Fiction,14,30.03
de4b403cb629a29f,Historical Fiction,Glory over Everything: Beyond The Kitchen House,14,45.839999999999996
9194ae88379dbf1a,Art,Feathers: Displays of Brilliant Plumage,14,49.05
ac4dde0d1be05de0,Nonfiction,"Far & Away: Places on the Brink of Change: Seven Continents, Twenty-Five Years",14,15.06
a2bd4ca82d908442,Default,Every Last Word,14,46.47
9eaf58b03a2779cc,Fiction,Eligible (The Austen Project #4),14,27.09
27c5968fe43cc06e,Sequential Art,El Deafo,14,57.620000000000005
1d6dd0c87d90fe92,Fiction,Eight Hundred Grapes,14,14.39
a01f6d368ef64dc5,Nonfiction,"Eaternity: More than 150 Deliciously Easy Vegan Recipes for a Long, Healthy, Satisfied, Joyful Life",14,51.75
047dfa57ba0bf638,Health,"Eat Fat, Get Thin",14,54.07
ad2887ce04583910,Young Adult,Don't Get Caught,14,55.349999999999994
bf5de316a5e9a4ab,Horror,Doctor Sleep (The Shining #2),14,40.120000000000005
3c6fe637a0180b01,Fantasy,Demigods & Magicians: Percy and Annabeth Meet the Kanes (Percy Jackson & Kane Chronicles Crossover #1-3),14,37.51
94a958ea126cdcd5,Fiction,Dear Mr. Knightley,14,11.209999999999999
0e94a089328be4bc,Default,Daily Fantasy Sports,14,36.58
4b9d9cfe0f435788,Christian,Crazy Love: Overwhelmed by a Relentless God,14,47.720000000000006
28cf0d1c51b491e5,Fiction,Cometh the Hour (The Clifton Chronicles #6),14,25.01
33a3e0e3ffde0dcd,Add a comment,Code Name Verity (Code Name Verity #1),14,22.130000000000003
42b0c50fc44140ec,Default,Clockwork Angel (The Infernal Devices #1),14,44.14
966ebb738e0f9d9b,Fantasy,City of Glass (The Mortal Instruments #3),14,56.02
1e264c677d4ee4ae,Default,City of Fallen Angels (The Mortal Instruments #4),14,11.229999999999999
5b987e54ee72525c,Default,City of Bones (The Mortal Instruments #1),14,43.28
8a6ec2761f91dad2,Default,City of Ashes (The Mortal Instruments #2),14,47.27
bfbb54bc8cdeed2b,Add a comment,Cell,14,20.29
e2e7b683b4c15b7d,Young Adult,Catching Jordan (Hundred Oaks),14,50.83
1b0fc9f777cad045,Default,"Carry On, Warrior: Thoughts on Life Unarmed",14,31.85
5f22418922fa728b,Default,Carrie,14,46.230000000000004
16ef91b9d827859c,Nonfiction,Buying In: The Secret Dialogue Between What We Buy and Who We Are,14,37.8
a80f66b254fe9eb3,Nonfiction,Brain on Fire: My Month of Madness,14,49.32
bf68dcb5fad3cc8c,Sequential Art,Batman: Europa,14,32.01
999912e63a3262ae,Food and Drink,Barefoot Contessa Back to Basics,14,28.01
0e0da9192a025efc,Food and Drink,Barefoot Contessa at Home: Everyday Recipes You'll Make Over and Over Again,14,50.620000000000005
9b65f676984c9f0c,Fiction,Balloon Animals,14,17.03
ffdc825785c0ede8,Sequential Art,Art Ops Vol. 1,14,48.8
41164b8ac02a2c42,Young Adult,Aristotle and Dante Discover the Secrets of the Universe (Aristotle and Dante Discover the Secrets of the Universe #1),14,58.14
1fbb5f786e53a0ce,Add a comment,Angels Walking (Angels Walking #1),14,34.2
ad41c24ccac0c7ce,Default,Angels & Demons (Robert Langdon #1),14,51.48
39861fc1c0845d15,Historical,All the Light We Cannot See,14,29.87
5319169a72714c62,Sequential Art,"Adulthood Is a Myth: A ""Sarah's Scribbles"" Collection",14,10.9
cf1aa2fc02a7d1e0,Nonfiction,Abstract City,14,56.37
4416c474713ec1f5,Mystery,A Time of Torment (Charlie Parker #14),14,48.349999999999994
63ee5bc46066a8a8,Mystery,A Study in Scarlet (Sherlock Holmes #1),14,16.73
c1379d3744f1dd2c,Add a comment,"A Series of Catastrophes and Miracles: A True Story of Love, Science, and Cancer",14,56.48
1ad06aed9349af46,Add a comment,A People's History of the United States,14,40.790000000000006
8682c03de6a844ff,Fiction,A Man Called Ove,14,39.720000000000006
d5e0526e1ab682a3,History,A Distant Mirror: The Calamitous 14th Century,14,14.58
01a177623cce9596,Add a comment,A Brush of Wings (Angels Walking #3),14,55.51
6e8e5626ac4d279e,History,1491: New Revelations of the Americas Before Columbus,14,21.8
ac5e0d3938caf686,Default,"The Three Searches, Meaning, and the Story",13,13.33
2f0213137a80d485,Fantasy,Searching for Meaning in Gailana,13,38.730000000000004
44d97b6707dae3f0,Add a comment,Rook,13,37.86
8bbd7df8a324f31d,Food and Drink,My Kitchen Year: 136 Recipes That Saved My Life,13,11.53
4be9d1910f8a4e80,Nonfiction,13 Hours: The Inside Account of What Really Happened In Benghazi,13,27.06
077b635ff2afc578,Womens Fiction,Will You Won't You Want Me?,12,13.860000000000001
148715df5a02ea5e,Science,Tipping Point for Planet Earth: How Close Are We to the Edge?,12,37.55
4a7a25be293ad678,Fantasy,The Star-Touched Queen,12,32.3
ce1ae197ada2aec4,Fiction,The Silent Sister (Riley MacPherson #1),12,46.290000000000006
14e44163678e24dc,Add a comment,The Midnight Watch: A Novel of the Titanic and the Californian,12,26.2
582a21a1dbbef3cf,Nonfiction,The Lonely City: Adventures in the Art of Being Alone,12,33.260000000000005
3063c7e95d0bf76f,Add a comment,The Gray Rhino: How to Recognize and Act on the Obvious Dangers We Ignore,12,59.15
235fa48eeed11d82,Psychology,The Golden Condom: And Other Essays on Love Lost and Found,12,39.43
f732d7d18a91d2ba,Young Adult,The Epidemic (The Program 0.6),12,14.44
c6ca293d4810e0d5,Fiction,The Dinner Party,12,56.54
54fc03f1e1d355db,Nonfiction,The Diary of a Young Girl,12,59.9
64fd010bf8d15096,Add a comment,The Children,12,11.88
b63ea3f7a57ae099,Young Adult,Stars Above (The Lunar Chronicles #4.5),12,48.05
f40fea200e0c644f,Nonfiction,Snatched: How A Drug Queen Went Undercover for the DEA and Was Kidnapped By Colombian Guerillas,12,21.21
ebf81a62e4798fd1,Default,Raspberry Pi Electronics Projects for the Evil Genius,12,49.67
8976d9161c027142,Business,Quench Your Own Thirst: Business Lessons Learned Over a Beer or Two,12,43.14
b8d7b3f5c7a95d65,Horror,Psycho: Sanitarium (Psycho #1.5),12,36.97
abdd91e96515a617,Mystery,Poisonous (Max Revere Novels #3),12,26.8
81ef44fcc5f454df,Add a comment,One with You (Crossfire #5),12,15.709999999999999
db84624b151cbe06,Young Adult,No Love Allowed (Dodge Cove #1),12,54.65
e7fe3bf2768602cf,Mystery,Murder at the 42nd Street Library (Raymond Ambler #1),12,54.36
c039f5aceb093537,Mystery,Most Wanted,12,35.28
9546d537fbf99eb6,Historical Fiction,"Love, Lies and Spies",12,20.55
b978c9852cde91bd,Default,How to Speak Golf: An Illustrated Guide to Links Lingo,12,58.32
bddc6fd036eb6279,Mystery,Hide Away (Eve Duncan #20),12,11.84
c6a29d6df8de968c,Nonfiction,Furiously Happy: A Funny Book About Horrible Things,12,41.46
76319fe9d8b465a3,Food and Drink,Everyday Italian: 125 Simple and Delicious Recipes,12,20.1
3968e3fbf4695d7c,Politics,Equal Is Unfair: America's Misguided Fight Against Income Inequality,12,56.86
6983328f15506cb9,Default,Eleanor & Park,12,56.51
df7e628bad5782b4,Romance,Dirty (Dive Bar #1),12,40.83
d069086944f2e330,Horror,Can You Keep a Secret? (Fear Street Relaunch #4),12,48.64
49b24c6a41b82bd2,Mystery,Boar Island (Anna Pigeon #19),12,59.48
63343e287971bb0c,Historical Fiction,A Paris Apartment,12,39.01
a4eef523118805ef,Food and Drink,"A la Mode: 120 Recipes in 60 Pairings: Pies, Tarts, Cakes, Crisps, and More Topped with Ice Cream, Gelato, Frozen Custard, and More",12,38.77
515cb8fcafb1ad98,Default,Troublemaker: Surviving Hollywood and Scientology,11,48.39
6159d8b187831770,Mystery,The Widow,11,27.259999999999998
985991708c47003e,Nonfiction,"The Sleep Revolution: Transforming Your Life, One Night at a Time",11,11.68
437d8dea9272d0a9,Fiction,The Improbability of Love,11,59.449999999999996
1c584f82a7a1c4f0,Business,The Art of Startup Fundraising,11,21
cf62fa272b5f0fa3,Romance,Take Me Home Tonight (Rock Star Romance #3),11,53.98
f435aa99d864077d,Science Fiction,Sleeping Giants (Themis Files #1),11,48.74
b06599b108e83f98,Biography,"Setting the World on Fire: The Brief, Astonishing Life of St. Catherine of Siena",11,21.150000000000002
05a61a3bd8ca4149,Mystery,Playing with Fire,11,13.709999999999999
b783ce08802cd1d1,Romance,Off the Hook (Fishing for Trouble #1),11,47.67
47e1b2d43f709995,Fiction,Mothering Sunday,11,13.34
28b2df9fadc9f07e,Nonfiction,"Mother, Can You Not?",11,16.89
5569c3fea112718e,Autobiography,M Train,11,27.18
bade9943ee01b63f,Historical Fiction,Lilac Girls,11,17.279999999999998
469508882dfc1991,Fiction,Lies and Other Acts of Love,11,45.14
825d6c44da3ca5a6,Autobiography,Lab Girl,11,40.849999999999994
20dc4f1ac5d4fd9c,Womens Fiction,Keep Me Posted,11,20.459999999999997
ce8666d9b42fc9a0,Psychology,It Didn't Start with You: How Inherited Family Trauma Shapes Who We Are and How to End the Cycle,11,56.27
b5953ca1f8a0b8d7,Womens Fiction,Grey (Fifty Shades #4),11,48.49
c65c25d990fc7025,Young Adult,"Exit, Pursued by a Bear",11,51.339999999999996
f608c903c451f387,Fiction,Daredevils,11,16.34
2587c54f5530dafc,Food and Drink,Cravings: Recipes for What You Want to Eat,11,20.5
816180220e8cb419,Business,Born for This: How to Find the Work You Were Meant to Do,11,21.59
2c34f9432069b52b,Science Fiction,Arena,11,21.36
bb967277222e689c,Default,Adultery,11,20.88
2b69dec0193511d9,Nonfiction,A Mother's Reckoning: Living in the Aftermath of Tragedy,11,19.53
40c4bf520c17de54,Romance,A Gentleman's Position (Society of Gentlemen #3),11,14.75
a9d7b75461084a26,Fiction,11/22/63,11,48.48
34669b2e9d407d3a,Nonfiction,"10% Happier: How I Tamed the Voice in My Head, Reduced Stress Without Losing My Edge, and Found Self-Help That Actually Works",10,24.57
96aa539bfd4c07e2,Health,10-Day Green Smoothie Cleanse: Lose Up to 15 Pounds in 10 Days!,10,49.71
ab60e6f5a63e1cfb,Add a comment,Without Shame,9,48.27
d1848064c54e01c7,Add a comment,Watchmen,9,58.05
4fd0a2a350f016e6,Default,Unlimited Intuition Now,9,58.87
0967effecd292a86,Default,Underlying Notes,9,11.82
903a9f8090104c2c,Fiction,The Shack,9,28.03
4b50fb1359ebf35d,Default,The New Brand You: Your New Image Makes the Sale for You,9,44.05
65cfc9f242c2984a,Food and Drink,"The Moosewood Cookbook: Recipes from Moosewood Restaurant, Ithaca, New York",9,12.34
33396269bcce166f,Default,The Flowers Lied,9,16.68
ca74f2e3c35a3e77,Science,"The Fabric of the Cosmos: Space, Time, and the Texture of Reality",9,55.91
3f25a2fedae191cc,Religion,The Book of Mormon,9,24.57
f9c87ccb2bc4853b,Health,The Art and Science of Low Carbohydrate Living,9,52.98
e77594ece9b9d1fe,Young Adult,The Alien Club,9,54.4
0e095ed785af7e43,Novels,Suzie Snowflake: One beautiful flake (a self-esteem story),9,54.809999999999995
913e7109cec0cb4c,Childrens,Nap-a-Roo,9,25.08
ee6c67859d70186b,Default,"NaNo What Now? Finding your editing process, revising your NaNoWriMo book and building a writing career through publishing and beyond",9,10.41
6baac632f7711e26,Default,Modern Day Fables,9,47.44
8fab4c4f6f82a4ce,Spirituality,If I Gave You God's Phone Number....: Searching for Spirituality in America,9,20.91
97187f5cf0385da3,Sequential Art,"Fruits Basket, Vol. 9 (Fruits Basket #9)",9,33.949999999999996
7e9068872228c474,Humor,Dress Your Family in Corduroy and Denim,9,43.68
e845d305f64154f1,Young Adult,Don't Forget Steven,9,33.230000000000004
7186241e043de5dc,Nonfiction,Chernobyl 01:23:40: The Incredible True Story of the World's Worst Nuclear Disaster,9,35.92
d6d9ffea95f2f8bf,Art,Art and Fear: Observations on the Perils (and Rewards) of Artmaking,9,48.63
63d5f1651880dcea,Fantasy,A Shard of Ice (The Black Symphony Saga #1),9,56.63
c181ca8eabe7d18c,Add a comment,A Hero's Curse (The Unseen Chronicles #1),9,50.49
61cf7eb9d2cd8bb0,Add a comment,23 Degrees South: A Tropical Tale of Changing Whether...,9,35.790000000000006
e77033ce559947f7,Nonfiction,"Zero to One: Notes on Startups, or How to Build the Future",8,34.06
04f6c929888f4f11,Nonfiction,Why Not Me?,8,17.759999999999998
b69c852e7e3956af,Nonfiction,When Breath Becomes Air,8,39.36
1809259a5a5f1d8d,Travel,Vagabonding: An Uncommon Guide to the Art of Long-Term World Travel,8,36.94
e0bdd79c7304ee8d,Default,The Unlikely Pilgrimage of Harold Fry (Harold Fry #1),8,43.620000000000005
3eec766dda26fa64,Art,The New Drawing on the Right Side of the Brain,8,43.02
5a0d2e9284004266,Nonfiction,"The Midnight Assassin: Panic, Scandal, and the Hunt for America's First Serial Killer",8,28.45
9afd00e81d6208e6,Default,The Martian (The Martian #1),8,41.39
4f283dfcbeccc0d4,Fiction,The High Mountains of Portugal,8,51.15
1bba4b1ba23ed2d6,Short Stories,The Grownup,8,35.879999999999995
a2308a936e898d48,Business,The E-Myth Revisited: Why Most Small Businesses Don't Work and What to Do About It,8,36.91
331c26103d885cae,Young Adult,South of Sunshine,8,28.93
a2475a245c9907c4,Nonfiction,Smarter Faster Better: The Secrets of Being Productive in Life and Business,8,38.89
e46a164cf310fd7d,Suspense,Silence in the Dark (Logan Point #4),8,58.33
bee6e93e9976f4fa,Christian Fiction,Shadows of the Past (Logan Point #1),8,39.67
aeb51dfbe8aeec59,Sequential Art,Roller Girl,8,14.1
52fc458ffc756faf,Nonfiction,Rising Strong,8,21.82
d56d0710668bb39c,Philosophy,Proofs of God: Classical Arguments from Tertullian to Barth,8,54.21
4a823d80aa30dbb0,Music,Please Kill Me: The Uncensored Oral History of Punk,8,31.19
c0fc0cd215ee1724,Poetry,Out of Print: City Lights Spotlight No. 14,8,53.64
9a7291b89bd5445c,Young Adult,My Life Next Door (My Life Next Door ),8,36.39
bff270fe9c86a5a9,Fiction,Miller's Valley,8,58.54
4729afff3bea0f0a,Nonfiction,Man's Search for Meaning,8,29.479999999999997
4d3a4c7b442a9a4e,Nonfiction,"Love That Boy: What Two Presidents, Eight Road Trips, and My Son Taught Me About a Parent's Expectations",8,25.06
044534b0b28b4e87,Nonfiction,Living Forward: A Proven Plan to Stop Drifting and Get the Life You Want,8,12.55
c44c5e1425475206,Poetry,Les Fleurs du Mal,8,29.04
29af1a2566c4e36e,Default,Left Behind (Left Behind #1),8,40.720000000000006
39eefec3a8498dde,Music,Kill 'Em and Leave: Searching for James Brown and the American Soul,8,45.05
0cf57cb49272fd37,Philosophy,Kierkegaard: A Christian Missionary to Christians,8,47.13
bd26e8a79a856c31,Default,John Vassos: Industrial Design for Modern Life,8,20.22
0ab4b35dcffcffd1,Default,I'll Give You the Sun,8,56.48
bbf1ea50be8008ab,Nonfiction,I Will Find You,8,44.21
0bfdef63285d3019,Fiction,Hystopia: A Novel,8,21.959999999999997
b7870fa6dc088fbb,Poetry,Howl and Other Poems,8,40.449999999999996
8a150fd8ff5d7686,Art,History of Beauty,8,10.29
d48c1369927ebef1,Default,Heaven is for Real: A Little Boy's Astounding Story of His Trip to Heaven and Back,8,52.86
df6a7c43faa6732b,Young Adult,Future Shock (Future Shock #1),8,55.65
e049d44c4f1cf1b2,Default,Ender's Game (The Ender Quintet #1),8,43.64
0c11e2d068768dbb,Science,Diary of a Citizen Scientist: Chasing Tiger Beetles and Other New Ways of Engaging the World,8,28.41
4dbd54d9e36c9566,Default,Death by Leisure: A Cautionary Tale,8,37.51
7f5157bf53065d36,History,Brilliant Beacons: A History of the American Lighthouse,8,11.450000000000001
77e9ea355bd8ae57,Nonfiction,Brazen: The Courage to Find the You That's Been Hiding,8,19.22
04e3de7ac35ec5cd,Nonfiction,Between the World and Me,8,56.91
15ebd83e53d0391b,Nonfiction,Being Mortal: Medicine and What Matters in the End,8,55.06
fef91502cbacf23a,Nonfiction,"A Murder Over a Girl: Justice, Gender, Junior High",8,13.2
b1a227b7609ff263,Food and Drink,32 Yolks,8,53.63
f16c2edb2a603f92,History,"""Most Blessed of the Patriarchs"": Thomas Jefferson and the Empire of the Imagination",8,44.48
88ec621893e595d0,Self Help,You Are a Badass: How to Stop Doubting Your Greatness and Start Living an Awesome Life,7,12.08
b46d022080543144,Default,Wildlife of New York: A Five-Borough Coloring Book,7,22.14
9735c969c652dd89,Mystery,What Happened on Beale Street (Secrets of the South Mysteries #2),7,25.37
48cb52d78c992487,Spirituality,Unreasonable Hope: Finding Faith in the God Who Brings Purpose to Your Pain,7,46.33
a94350ee74deaa07,Travel,Under the Tuscan Sun,7,37.33
4242cc3d0437db12,Humor,Toddlers Are A**holes: It's Not Your Fault,7,25.55
4a0b78598b42897a,Default,The Year of Living Biblically: One Man's Humble Quest to Follow the Bible as Literally as Possible,7,34.720000000000006
0ff9d10864db8364,Childrens,The Whale,7,35.96
9147c5251cc99eb1,Art,The Story of Art,7,41.14
0345872b14f9e774,Science,The Origin of Species,7,10.01
a8dbf1c6b41b885a,Default,The Great Gatsby,7,36.05
f935412970c9f58f,Default,The Good Girl,7,49.03
47f4fd3e8e1dac05,Add a comment,The Glass Castle,7,16.24
57f85720e54d6442,Biography,The Faith of Christopher Hitchens: The Restless Soul of the World's Most Notorious Atheist,7,39.55
7a10353c9c54cf7c,Add a comment,The Drowning Girls,7,35.67
24933c712f0bca2f,Historical Fiction,The Constant Princess (The Tudor Court #1),7,16.62
d250657f0ebc5d73,Fiction,The Bourne Identity (Jason Bourne #1),7,42.78
20789fb17b423c4c,Mystery,The Bachelor Girl's Guide to Murder (Herringford and Watts Mysteries #1),7,52.3
4b8fa561a1e52d1c,Art,The Art Book,7,32.339999999999996
5fbd03b1ac0a0e69,Default,The 7 Habits of Highly Effective People: Powerful Lessons in Personal Change,7,33.17
ba047a636b7d3793,Add a comment,Team of Rivals: The Political Genius of Abraham Lincoln,7,20.12
8776181be110838a,Default,Steal Like an Artist: 10 Things Nobody Told You About Being Creative,7,20.9
bd087cf6a846db75,Romance,"Sit, Stay, Love",7,20.9
7ffebdd1d5148aef,Fiction,Sister Dear,7,40.2
9639e89d20228e6e,Childrens,"Shrunken Treasures: Literary Classics, Short, Sweet, and Silly",7,52.87
8486f61aa81a3daa,Business,"Rich Dad, Poor Dad",7,51.74
31c56c4d0fe19340,Childrens,Raymie Nightingale,7,34.41
68008abf6409dfde,Childrens,Playing from the Heart,7,32.379999999999995
746029796363aa51,Young Adult,Nightstruck: A Novel,7,50.349999999999994
924438fc6cbec836,Food and Drink,"Naturally Lean: 125 Nourishing Gluten-Free, Plant-Based Recipes--All Under 300 Calories",7,11.38
725cd8d23d78cdca,Womens Fiction,Meternity,7,43.58
dac4b5847454fd9b,Fiction,Memoirs of a Geisha,7,49.67
b6670507e85b30e6,Christian Fiction,Like Never Before (Walker Family #2),7,28.77
40cdcbb7692fd408,Default,Life of Pi,7,13.219999999999999
b74ee891e2a6dd69,Poetry,Leave This Song Behind: Teen Poetry at Its Best,7,51.17
4c82371b8cd02d4d,Fantasy,King's Folly (The Kinsman Chronicles #1),7,39.61
68407606544d6f22,Add a comment,John Adams,7,57.43
2a9fcb3382d351c8,Food and Drink,How to Cook Everything Vegetarian: Simple Meatless Recipes for Great Food (How to Cook Everything),7,46.01
eff5710404e2ff78,Food and Drink,How to Be a Domestic Goddess: Baking and the Art of Comfort Cooking,7,28.25
c00bc29a678a6efb,Add a comment,Good in Bed (Cannie Shapiro #1),7,37.05
de6d7645f192d517,Sequential Art,"Fruits Basket, Vol. 7 (Fruits Basket #7)",7,19.57
2e40333991f56f45,Nonfiction,For the Love: Fighting for Grace in a World of Impossible Standards,7,45.13
4e78f06160b717ac,Nonfiction,Finding God in the Ruins: How God Redeems Pain,7,46.64
4fa75fc6829431ca,Fantasy,Every Heart a Doorway (Every Heart A Doorway #1),7,12.16
4e980425468708da,Mystery,Delivering the Truth (Quaker Midwife Mystery #1),7,20.89
4807043b8218e9ce,Christian Fiction,Counted With the Stars (Out from Egypt #1),7,17.97
4781b6bfd6f7a2c5,Music,"Chronicles, Vol. 1",7,52.6
a322361a37a78d3d,Christian,Blue Like Jazz: Nonreligious Thoughts on Christian Spirituality,7,25.77
5b546a46a86a9d8c,Biography,Benjamin Franklin: An American Life,7,48.190000000000005
6b52904b2ab91bf6,Philosophy,"At The Existentialist Café: Freedom, Being, and apricot cocktails with: Jean-Paul Sartre, Simone de Beauvoir, Albert Camus, Martin Heidegger, Edmund Husserl, Karl Jaspers, Maurice Merleau-Ponty and others",7,29.93
cc1936a9f4e93477,Travel,A Summer In Europe,7,44.339999999999996
6c7fa6844380f50a,History,A Short History of Nearly Everything,7,52.4
d1378a0ad06ff979,Fantasy,A Gathering of Shadows (Shades of Magic #2),7,44.809999999999995
5ba3d703d1ae0c1d,Default,The Sound Of Love,6,57.839999999999996
774fa432bd7d9c47,History,The Rise and Fall of the Third Reich: A History of Nazi Germany,6,39.67
fd364afd082f5446,Default,The Perks of Being a Wallflower,6,55.02
2da5edf8b5776c9a,Mystery,The Mysterious Affair at Styles (Hercule Poirot #1),6,24.8
60376aa71be66083,Nonfiction,The Man Who Mistook His Wife for a Hat and Other Clinical Tales,6,59.449999999999996
2efa5a839e62b1bd,Default,The Makings of a Fatherless Child,6,31.58
d326e189b1210916,Add a comment,The Joy of Cooking,6,43.27
e6635f5b0a2c78db,Historical Fiction,The Invention of Wings,6,37.339999999999996
72b5355dda190b6a,Default,The Hobbit (Middle-Earth Universe),6,17.8
48736df57e7bec9f,Travel,The Great Railway Bazaar,6,30.54
d33824cb93ecab6f,Add a comment,The Golden Compass (His Dark Materials #1),6,18.77
2bc80eba94950873,Add a comment,The God Delusion,6,46.849999999999994
eb7459e0c570251d,Historical,The Girl You Left Behind (The Girl You Left Behind #1),6,15.79
cb17945cb90b7837,Default,The Fellowship of the Ring (The Lord of the Rings #1),6,10.27
3d250ab0f12be445,Poetry,The Collected Poems of W.B. Yeats (The Collected Works of W.B. Yeats #1),6,15.42
6478ccb4416e6a5d,Food and Drink,The Barefoot Contessa Cookbook,6,59.92
2a1b3d967cda1da2,Young Adult,Tell the Wolves I'm Home,6,50.96
8d8e9f9b8730eb25,Default,Ship Leaves Harbor: Essays on Travel by a Recovering Journeyman,6,30.6
720c36b2bee4692e,Add a comment,Pride and Prejudice,6,19.27
6d235933670503d9,Default,Musicophilia: Tales of Music and the Brain,6,46.58
f38f37ed934d84b2,Add a comment,Mere Christianity,6,48.51
7a2b51f69e81c722,Fiction,Me Before You (Me Before You #1),6,19.02
6958de044cb28a84,Mystery,In the Woods (Dublin Murder Squad #1),6,38.379999999999995
fe0f34ebed689381,Nonfiction,In Cold Blood,6,49.98
e792c0969cefe1b8,Self Help,How to Stop Worrying and Start Living,6,46.49
012170e4fc87ace0,Thriller,Give It Back,6,18.32
384c7d41d5ffe9d1,Nonfiction,"Girl, Interrupted",6,42.14
56a34d0cec11d6b0,Add a comment,Fun Home: A Family Tragicomic,6,56.59
97258f576d4bb672,Sequential Art,"Fruits Basket, Vol. 6 (Fruits Basket #6)",6,20.959999999999997
4e3b183180e2a992,Fiction,Deception Point,6,40.32
6e06d0f00f6da20f,Sequential Art,"Death Note, Vol. 6: Give-and-Take (Death Note #6)",6,36.39
f3c70d296ec796c4,History,Catherine the Great: Portrait of a Woman,6,58.55
faf841f81c52638b,Food and Drink,Better Homes and Gardens New Cook Book,6,39.61
46cb43c2ab133ccc,Psychology,An Unquiet Mind: A Memoir of Moods and Madness,6,21.3
9e60929f521fa280,Travel,A Year in Provence (Provence #1),6,56.879999999999995
2e5b4ff08a75fd02,Historical Fiction,World Without End (The Pillars of the Earth #2),5,32.97
e75f3ae1da1cc652,Young Adult,"Will Grayson, Will Grayson (Will Grayson, Will Grayson)",5,47.309999999999995
759ee7d059b1beb8,Nonfiction,Why Save the Bankers?: And Other Essays on Our Economic and Political Crisis,5,48.67
60369d96b7b80869,Young Adult,Where She Went (If I Stay #2),5,41.730000000000004
163d89116179c33f,Default,What If?: Serious Scientific Answers to Absurd Hypothetical Questions,5,53.68
3a7d54a264d9f33e,Young Adult,Two Summers,5,14.639999999999999
bc209a900101f28d,Music,This Is Your Brain on Music: The Science of a Human Obsession,5,38.4
abbb492978ff656d,Classics,The Secret Garden,5,15.08
2e4fc5eacceec12c,Add a comment,The Raven King (The Raven Cycle #4),5,30.57
e0b3a679b83caccc,Fantasy,The Raven Boys (The Raven Cycle #1),5,57.74
f701fae56b645ef7,Food and Drink,The Power Greens Cookbook: 140 Delicious Superfood Recipes,5,11.05
93379e3a2072a01b,Classics,The Metamorphosis,5,28.58
0d210d2448c3018f,History,The Mathews Men: Seven Brothers and the War Against Hitler's U-boats,5,42.91
dfd9ff1f343cdaff,Fiction,The Little Paris Bookshop,5,24.73
c4589ee5977a47be,History,The Hiding Place,5,55.91
3213b1f13f5f0f7c,Science,The Grand Design,5,13.76
ad84f18659e6bfe2,Fiction,The Firm,5,45.56
3661360c99719414,Default,The Fault in Our Stars,5,47.220000000000006
a2a9f76339d21ab1,Fantasy,The False Prince (The Ascendance Trilogy #1),5,56
fe7210553d56c097,Fiction,The Expatriates,5,44.58
fec06f52054ea900,Default,The Dream Thieves (The Raven Cycle #2),5,34.5
c4182bdb53e2459a,Young Adult,The Darkest Corners,5,11.33
b228042c088b1913,Poetry,The Crossover,5,38.77
b716233fcb6877e6,Default,The 5th Wave (The 5th Wave #1),5,11.83
84126312e2431a09,Fantasy,Tell the Wind and Fire,5,45.51
50d5a7b861ed1c54,Young Adult,Tell Me Three Things,5,41.809999999999995
1dba84766a5e87b8,Nonfiction,Talking to Girls About Duran Duran: One Young Man's Quest for True Love and a Cooler Haircut,5,25.150000000000002
84bb29c53592ac40,Fiction,Siddhartha,5,34.220000000000006
59a8ae019b64f2a7,Default,Shiver (The Wolves of Mercy Falls #1),5,16.23
2973d38c2fbd7a5c,Default,Remember Me?,5,11.48
e958ae92f328c181,Horror,Red Dragon (Hannibal Lecter #1),5,23.37
6036239d2ab349b7,Science,Peak: Secrets from the New Science of Expertise,5,16.279999999999998
a4ce39a3720cd679,Nonfiction,My Mother Was Nuts,5,31.630000000000003
12a90b90283b2e6d,Food and Drink,Mexican Today: New and Rediscovered Recipes for Contemporary Kitchens,5,24.91
81c68492ccd72941,Childrens,Maybe Something Beautiful: How Art Transformed a Neighborhood,5,22.54
5e1a88d248599768,Young Adult,Lola and the Boy Next Door (Anna and the French Kiss #2),5,23.630000000000003
7093cf549cd2e7de,Academic,Logan Kade (Fallen Crest High #5.5),5,13.12
07e6810fd3236bda,Fiction,Last One Home (New Beginnings #1),5,59.98
8dde2ff3f6fcc0a3,Thriller,Killing Floor (Jack Reacher #1),5,31.49
44f545727e704187,Young Adult,Kill the Boy Band,5,15.52
45045146dbf7b009,Young Adult,Isla and the Happily Ever After (Anna and the French Kiss #3),5,48.13
7284d85428305f5a,Default,If I Stay (If I Stay #1),5,38.13
d219d4e325e6f204,Default,I Know Why the Caged Bird Sings (Maya Angelou's Autobiography #1),5,36.55
6c49258724f11770,Default,Harry Potter and the Deathly Hallows (Harry Potter #7),5,23.32
3fd83dcf37bf1bc0,Sequential Art,"Fruits Basket, Vol. 5 (Fruits Basket #5)",5,16.330000000000002
3fc124f59f3068e4,Science Fiction,Foundation (Foundation (Publication Order) #1),5,32.42
630e766f0a1987dd,Default,Fool Me Once,5,16.959999999999997
b28c7d07afa7063b,Add a comment,Find Her (Detective D.D. Warren #8),5,22.37
75cc85cdbe9ad46b,Add a comment,Evicted: Poverty and Profit in the American City,5,42.27
d5ad4c92d8bf26c9,Default,Drama,5,38.7
e46b1074b99ac4b6,Horror,Dracula the Un-Dead,5,35.63
94bb629a3f6dd00b,Fiction,Digital Fortress,5,58
1c0a38899c82b60a,Sequential Art,"Death Note, Vol. 5: Whiteout (Death Note #5)",5,52.41
bcf567421c581f0a,Nonfiction,"Data, A Love Story: How I Gamed Online Dating to Meet My Match",5,32.349999999999994
429b4a811bef386c,Philosophy,Critique of Pure Reason,5,20.75
b54d7416bb445989,Poetry,Booked,5,17.49
ad5e078beceaeb4a,Default,"Blue Lily, Lily Blue (The Raven Cycle #3)",5,34.13
612369a5947a012e,Autobiography,Approval Junkie: Adventures in Caring Too Much,5,58.809999999999995
f36d24c309e87e5b,Young Adult,An Abundance of Katherines,5,10
add33db6ff80db24,History,America's War for the Greater Middle East: A Military History,5,51.220000000000006
d9290e99f189ce84,Default,Alight (The Generations Trilogy #2),5,58.59
cf3b86489890b9f2,Romance,A Girl's Guide to Moving On (New Beginnings #2),5,31.3
03cbb67c0f990d87,Add a comment,A Game of Thrones (A Song of Ice and Fire #1),5,46.42
f2c8f4b4c94d5c5c,Fantasy,A Feast for Crows (A Song of Ice and Fire #4),5,17.21
89a89e76f3516357,Add a comment,A Clash of Kings (A Song of Ice and Fire #2),5,10.79
a8f4577a48023344,Default,Vogue Colors A to Z: A Fashion Coloring Book,4,52.349999999999994
d4de23aa98acc65b,Default,The Shining (The Shining #1),4,27.88
6053ddf69c967d5f,Classics,The Pilgrim's Progress,4,50.260000000000005
9cc207168a03470d,Romance,The Perfect Play (Play by Play #1),4,59.99
011674f4a3834b8d,Historical Fiction,The Passion of Dolssa,4,28.32
6a57286a8890d8c5,Nonfiction,The Jazz of Physics: The Secret Link Between Music and the Structure of the Universe,4,38.71
6d2f70d9424f41a1,Default,The Hunger Games (The Hunger Games #1),4,29.85
6587f46697fc4443,Classics,The Hound of the Baskervilles (Sherlock Holmes #5),4,14.82
45033bdf3d9ed158,Nonfiction,The Gunning of America: Business and the Making of American Gun Culture,4,16.810000000000002
c65ee14957c0fa5c,Nonfiction,The Geography of Bliss: One Grump's Search for the Happiest Places in the World,4,28.23
ff2dffba388d9922,Fantasy,The Demonists (Demonist #1),4,52.11
df53c2948b32bde3,Sequential Art,"The Demon Prince of Momochi House, Vol. 4 (The Demon Prince of Momochi House #4)",4,27.88
9c4d061c1e2fe6bf,Thriller,The Bone Hunters (Lexy Vaughan & Steven Macaulay #2),4,59.71
8930013d06942df1,Fantasy,The Beast (Black Dagger Brotherhood #14),4,46.08
31f5bbf4974d29c9,Womens Fiction,Some Women,4,13.729999999999999
38199c5d7da0c0ef,Womens Fiction,Shopaholic Ties the Knot (Shopaholic #3),4,48.39
ae884ac655d6ee3e,Fantasy,Paper and Fire (The Great Library #2),4,49.449999999999996
5de4baa88061a77a,Default,Outlander (Outlander #1),4,19.67
2ba5ccc84d35006c,Music,"Orchestra of Exiles: The Story of Bronislaw Huberman, the Israel Philharmonic, and the One Thousand Jews He Saved from Nazi Horrors",4,12.360000000000001
3a95f5a2df4ff921,Music,No One Here Gets Out Alive,4,20.02
869d20b3b8128230,Horror,Night Shift (Night Shift #1-20),4,12.75
70b585c9d0f15725,Horror,Needful Things,4,47.51
5212c6acea3359e5,Default,Mockingjay (The Hunger Games #3),4,20.439999999999998
81d4191030b9704b,Horror,Misery,4,34.790000000000006
deda806b68b0aa11,Classics,Little Women (Little Women #1),4,28.07
670a2773607d785d,Horror,It,4,25.01
ac337893a9fe0085,Default,Harry Potter and the Sorcerer's Stone (Harry Potter #1),4,13.9
eff24325e0ede639,Young Adult,Harry Potter and the Prisoner of Azkaban (Harry Potter #3),4,24.17
5a6b7155f2797537,Fantasy,Harry Potter and the Order of the Phoenix (Harry Potter #5),4,31.630000000000003
73f4f87dd936ee5c,Fantasy,Harry Potter and the Half-Blood Prince (Harry Potter #6),4,48.75
c7c4f55b7321cba7,Fantasy,Harry Potter and the Chamber of Secrets (Harry Potter #2),4,14.739999999999998
23310ce84d3c9f85,Classics,Gone with the Wind,4,32.49
ddbc5530d2939d49,Nonfiction,God Is Not Great: How Religion Poisons Everything,4,27.8
5eff05e59f905a49,Historical Fiction,Girl With a Pearl Earring,4,26.77
8fff1084aa085a13,Sequential Art,"Fruits Basket, Vol. 4 (Fruits Basket #4)",4,50.44
ad15a9a139919918,Thriller,Far From True (Promise Falls Trilogy #2),4,34.93
2b69d289279aabfd,Romance,Dark Lover (Black Dagger Brotherhood #1),4,12.870000000000001
a2dc754afb69bb32,Default,Confessions of a Shopaholic (Shopaholic #1),4,48.94
aaebac5fda798b1b,Romance,Changing the Game (Play by Play #2),4,13.38
2798974abc8a58a8,Classics,Candide,4,58.63
0812f54c93d726ce,Womens Fiction,Can You Keep a Secret?,4,21.939999999999998
78a4ac98191ac675,Fiction,Atlas Shrugged,4,26.58
1451b55e5e56bb89,Classics,Animal Farm,4,57.220000000000006
aead11697d14ea36,Romance,A Walk to Remember,4,56.43
f6ae39568db1130e,Spirituality,A New Earth: Awakening to Your Life's Purpose,4,55.65
d12ca4020c2f602e,Religion,"A History of God: The 4,000-Year Quest of Judaism, Christianity, and Islam",4,27.62
6e9403f00acd6752,Horror,'Salem's Lot,4,49.56
634b7165c96ebb9f,Default,Zero History (Blue Ant #3),3,34.77
5a7ff9aaa3168878,Classics,Wuthering Heights,3,17.73
5d55202da0252627,Default,World War Z: An Oral History of the Zombie War,3,21.8
d30b9215c72cca87,Default,Wild: From Lost to Found on the Pacific Crest Trail,3,46.02
07bb35158d9dd3d2,Default,"Where'd You Go, Bernadette",3,18.130000000000003
dab0196cd5fc8e5e,Humor,When You Are Engulfed in Flames,3,30.89
06bab964fd536971,Nonfiction,We the People: The Modern-Day Figures Who Have Reshaped and Affirmed the Founding Fathers' Vision of America,3,31.95
be3db344a845580b,Contemporary,We Are All Completely Beside Ourselves,3,24.04
0e4e2d31c2fb3aad,Young Adult,Walk the Edge (Thunder Road #2),3,32.36
7feac4000cbc5859,Historical Fiction,Voyager (Outlander #3),3,21.07
52aa3d79b1cee455,Nonfiction,Very Good Lives: The Fringe Benefits of Failure and the Importance of Imagination,3,50.660000000000004
4672d10b9b1e7a05,Food and Drink,Vegan Vegetarian Omnivore: Dinner for Everyone at the Table,3,13.66
b830685072fa871f,Nonfiction,"Unstuffed: Decluttering Your Home, Mind, and Soul",3,58.09
599a4f98bb193368,Nonfiction,Under the Banner of Heaven: A Story of Violent Faith,3,30
61bc8167c9680283,Young Adult,Two Boys Kissing,3,32.74
b53078de0147f6bf,Default,Twilight (Twilight #1),3,41.93
8ebad30219b8679c,Womens Fiction,Twenties Girl,3,42.8
2173a2ce35f6ace1,Nonfiction,"Trespassing Across America: One Man's Epic, Never-Done-Before (and Sort of Illegal) Hike Across the Heartland",3,53.51
57f755143ee96fd4,Fiction,Three-Martini Lunch,3,23.21
719d72f3ee512dc6,Psychology,"Thinking, Fast and Slow",3,21.14
75fed6a47f69859d,Childrens,The Wild Robot,3,56.07
a33ed2e6068df53e,Sequential Art,"The Wicked + The Divine, Vol. 3: Commercial Suicide (The Wicked + The Divine)",3,14.41
813cff2aefa5d1f0,Womens Fiction,The Undomestic Goddess,3,45.75
2b685187f55c5d31,Thriller,The Travelers,3,15.77
224fa77d4b248046,Add a comment,The Tipping Point: How Little Things Can Make a Big Difference,3,10.02
3d15714d4d3d15dd,Childrens,The Thing About Jellyfish,3,48.77
49f24193f0b961e6,Horror,The Stand,3,57.86
742702d662a71410,Food and Drink,The Smitten Kitchen Cookbook,3,23.59
f06039c29b5891fa,Mystery,The Silkworm (Cormoran Strike #2),3,23.05
91eb9605998a7c03,Sequential Art,"The Sandman, Vol. 3: Dream Country (The Sandman (volumes) #3)",3,55.55
322a9e34d87f54b1,Fantasy,The Rose & the Dagger (The Wrath and the Dawn #2),3,58.64
366a236aa1ea6f07,Travel,The Road to Little Dribbling: Adventures of an American in Britain (Notes From a Small Island #2),3,23.21
1a5044d233936b1a,Biography,The Rise of Theodore Roosevelt (Theodore Roosevelt #1),3,42.57
0e92ccf1bd39e68f,Science Fiction,The Restaurant at the End of the Universe (Hitchhiker's Guide to the Galaxy #2),3,10.92
e2d47e82c50d41d9,Add a comment,The Rest Is Noise: Listening to the Twentieth Century,3,34.77
3c456328b04a8ee8,Historical Fiction,The Red Tent,3,35.660000000000004
0e7beedf0ee9380c,Add a comment,The Purpose Driven Life: What on Earth Am I Here for?,3,37.190000000000005
969f6c7e86554814,Romance,The Purest Hook (Second Circle Tattoos #3),3,12.25
b9f6305a3d650e2c,Classics,The Picture of Dorian Gray,3,29.7
fa26798728f5208f,Default,The Paris Wife,3,36.8
ee441c8e027caa66,Romance,The Obsession,3,45.43
29d6d87f3418638b,Fiction,The Nightingale,3,26.259999999999998
3e42ac0f4d43320f,Young Adult,The New Guy (and Other Senior Year Distractions),3,44.92
6263c1d2997b8ce0,Womens Fiction,The Nanny Diaries (Nanny #1),3,52.53
0baf71623648413a,Nonfiction,The Name of God is Mercy,3,37.25
4266f48a0aa1c37d,Default,The Maze Runner (The Maze Runner #1),3,20.93
36c15687f5ab0f7c,Default,The Lover's Dictionary,3,58.09
cf2f27fdf94ba20e,Childrens,The Lonely Ones,3,43.59
70c7c3ca7f9b2728,Business,The Lean Startup: How Today's Entrepreneurs Use Continuous Innovation to Create Radically Successful Businesses,3,33.92
476c7972e9b41891,Historical Fiction,The Last Painting of Sara de Vos,3,55.55
35e69a79d2b1e804,Young Adult,"The Land of 10,000 Madonnas",3,29.64
554e9e2d532b3a87,Fiction,The Infinities,3,27.41
ff6bb30dd0c482a6,Fiction,The Husband's Secret,3,52.51
a8b0ea6490bc818f,Add a comment,The Hitchhiker's Guide to the Galaxy (Hitchhiker's Guide to the Galaxy #1),3,47.8
b5da59dd177eb36b,History,The Guns of August,3,14.54
4a0a276409968a73,Historical Fiction,The Guernsey Literary and Potato Peel Pie Society,3,49.53
c88422d8959260ab,Default,The Goldfinch,3,43.58
e2dac1f4739e0bd5,Default,The Giver (The Giver Quartet #1),3,12.3
92dcc54a27107a37,Horror,The Girl with All the Gifts,3,49.47
bfa9cb304075d3e8,Default,The Girl Who Played with Fire (Millennium Trilogy #2),3,22.14
8f5d16a5a9bd58b2,Add a comment,The Girl Who Kicked the Hornet's Nest (Millennium Trilogy #3),3,57.48
dd003e904727281a,Mystery,The Exiled,3,43.449999999999996
b3f2bc2cefb35f05,Add a comment,"The End of Faith: Religion, Terror, and the Future of Reason",3,22.130000000000003
c6bf14cb901c63ac,Science,"The Elegant Universe: Superstrings, Hidden Dimensions, and the Quest for the Ultimate Theory",3,13.03
63c0826ef59eae66,Science,"The Disappearing Spoon: And Other True Tales of Madness, Love, and the History of the World from the Periodic Table of the Elements",3,57.349999999999994
a6ab0cb7106a67f2,Womens Fiction,The Devil Wears Prada (The Devil Wears Prada #1),3,44.290000000000006
f51062bf579507d9,Default,The Demon-Haunted World: Science as a Candle in the Dark,3,52.25
b22362b434e8ee62,Childrens,The Day the Crayons Came Home (Crayons),3,26.330000000000002
dabf11918b48b40c,Fiction,The Da Vinci Code (Robert Langdon #2),3,22.959999999999997
1be6d3b121865edb,Mystery,The Cuckoo's Calling (Cormoran Strike #1),3,19.21
cad70d6ffd53912f,Classics,The Complete Stories and Poems (The Works of Edgar Allan Poe [Cameo Edition]),3,26.779999999999998
23707d3ddf14a999,Add a comment,The Complete Poems,3,41.32
487449f4f6322f0f,Add a comment,The Catcher in the Rye,3,24.55
b7f475238ed50429,Childrens,The Cat in the Hat (Beginner Books B-1),3,16.259999999999998
970bd3316219e7dc,Add a comment,The Case for Christ (Cases for Christianity),3,47.839999999999996
a75e274c8814b539,Default,The Book Thief,3,53.49
08decd9664e5d56e,Sports and Games,The Book of Basketball: The NBA According to The Sports Guy,3,44.839999999999996
cd3dcd83bb002e78,Add a comment,The Blind Side: Evolution of a Game,3,53.71
b04a6a0db525857d,Default,The Autobiography of Malcolm X,3,23.43
311634df10651e05,Food and Drink,"The Art of Simple Food: Notes, Lessons, and Recipes from a Delicious Revolution",3,34.32
2858ac90c4758e1f,Fiction,The Art of Fielding,3,22.1
61002f3b7ba5d780,Science,"Surely You're Joking, Mr. Feynman!: Adventures of a Curious Character",3,25.830000000000002
a11ae5f07572ef49,Nonfiction,Stiff: The Curious Lives of Human Cadavers,3,36.74
f08667e4c0458f37,Nonfiction,Spilled Milk: Based on a True Story,3,49.51
ac27ab4bcd9c492e,Womens Fiction,Something Borrowed (Darcy & Rachel #1),3,48.96
3fc9d51d1c4d6ba7,Womens Fiction,Something Blue (Darcy & Rachel #2),3,54.620000000000005
feaaae90514eb2ac,Fantasy,Soldier (Talon #3),3,24.72
c57d3c96af23c297,Default,Shopaholic & Baby (Shopaholic #5),3,46.449999999999996
07806456878931bc,Add a comment,Seven Days in the Art World,3,52.33
281a244ce1954711,Science,Seven Brief Lessons on Physics,3,30.6
510832818edb6fbc,Young Adult,Scarlet (The Lunar Chronicles #2),3,14.57
5b2cd5b31a510848,Add a comment,Sarah's Key,3,46.290000000000006
7b870bf85d01c2dc,Sequential Art,"Saga, Volume 3 (Saga (Collected Editions) #3)",3,21.57
28921443f052bea6,Autobiography,Running with Scissors,3,12.91
b4f5672f68ec3a83,Add a comment,Rogue Lawyer (Rogue Lawyer #1),3,50.11
89cad3f37c9ce226,Nonfiction,"Rise of the Rocket Girls: The Women Who Propelled Us, from Missiles to the Moon to Mars",3,41.67
8e9dd8431170c09e,Business,Rework,3,44.879999999999995
ecdf73ee66c33b17,Romance,Reservations for Two,3,11.1
4c8ece50736f9e88,Childrens,Red: The True Story of Red Riding Hood,3,28.54
2ef5dc7e278e562a,Science Fiction,Ready Player One,3,19.07
3c565df219ba3274,Default,Quiet: The Power of Introverts in a World That Can't Stop Talking,3,43.55
9707989a439757b4,Sequential Art,Prodigy: The Graphic Novel (Legend: The Graphic Novel #2),3,43.63
cb62418129b864a3,Sequential Art,Persepolis: The Story of a Childhood (Persepolis #1-2),3,39.13
8e2dfd6bcf48e1e6,Default,Packing for Mars: The Curious Science of Life in the Void,3,56.68
09a7b0b566ad6225,Nonfiction,Outliers: The Story of Success,3,14.16
c59283b05905c853,Sequential Art,Original Fake,3,31.45
8378c899988905ee,Default,Orange Is the New Black,3,24.610000000000003
3250650a5c4e6f07,Default,One for the Money (Stephanie Plum #1),3,32.87
cb65e49993db9a93,Nonfiction,Notes from a Small Island (Notes From a Small Island #1),3,40.17
c4d9fce9eff3b8ba,Nonfiction,Night (The Night Trilogy #1),3,13.51
747cf7fca2ccdbd4,Travel,Neither Here nor There: Travels in Europe,3,38.949999999999996
54aeeb4610d3ae08,Humor,Naked,3,31.69
7ce5a92baabb6bc0,Default,Morning Star (Red Rising #3),3,29.4
7980fa06f2b704d8,Nonfiction,"Miracles from Heaven: A Little Girl, Her Journey to Heaven, and Her Amazing Story of Healing",3,57.83
e9056f9b5a40a301,Fantasy,Midnight Riot (Peter Grant/ Rivers of London - books #1),3,55.46
abc4a7ee16c21088,Autobiography,Me Talk Pretty One Day,3,57.6
546da23278482b0a,Add a comment,Manuscript Found in Accra,3,34.98
0dcadb06206abd3c,Autobiography,Lust & Wonder,3,11.870000000000001
4ef75307fb64e2ad,Fiction,Lila (Gilead #3),3,12.47
4b3f4f151c99f472,Science Fiction,"Life, the Universe and Everything (Hitchhiker's Guide to the Galaxy #3)",3,33.260000000000005
c53d9fefcda371e9,Autobiography,Life Without a Recipe,3,59.04
4ec53ff7e2263f32,Default,Life After Life,3,26.130000000000003
1de75f05d57bfc10,Nonfiction,Letter to a Christian Nation,3,22.2
1246e4ffeb5ac4ea,Nonfiction,Let's Pretend This Never Happened: A Mostly True Memoir,3,45.11
0ce8075fab4a2b5b,Young Adult,Legend (Legend #1),3,43.690000000000005
d5e1a9bfe22bbf9f,Default,"Lean In: Women, Work, and the Will to Lead",3,25.02
190fbebbf798c31a,Humor,"Lamb: The Gospel According to Biff, Christ's Childhood Pal",3,55.5
16e843e6b853cc2f,Young Adult,Lady Renegades (Rebel Belle #3),3,53.04
a0dd11f6abc421ec,Fiction,Jurassic Park (Jurassic Park #1),3,44.97
d4a29356fc992879,Nonfiction,It's Never Too Late to Begin Again: Discovering Creativity and Meaning at Midlife and Beyond,3,42.379999999999995
034829ffdd0a0aea,Default,Is Everyone Hanging Out Without Me? (And Other Concerns),3,20.110000000000003
a7c3f1010d64799a,Nonfiction,Into the Wild,3,56.7
6c4646d90b60a56c,Fiction,Inferno (Robert Langdon #4),3,41
d8292cd5f1aca291,Nonfiction,"In the Garden of Beasts: Love, Terror, and an American Family in Hitler's Berlin",3,28.85
61569d12d4ae7161,Christian Fiction,If I Run (If I Run #1),3,49.97
6b32b561dab8036c,Womens Fiction,I've Got Your Number,3,19.69
8010c7c148057fd3,Nonfiction,I Am Malala: The Girl Who Stood Up for Education and Was Shot by the Taliban,3,28.88
6c4d17a46cac8787,Food and Drink,Hungry Girl Clean & Hungry: Easy All-Natural Recipes for Healthy Eating in the Real World,3,33.14
1812b8f5641287e3,History,"House of Lost Worlds: Dinosaurs, Dynasties, and the Story of Life on Earth",3,43.7
557c03c284be1bf2,Horror,House of Leaves,3,54.89
cc1ac978a6835ef6,Childrens,Horrible Bear!,3,37.52
0cb4856be3694a57,Humor,Holidays on Ice,3,51.07
b003f8bb02f76dc5,Fantasy,Heir to the Sky,3,44.07
621e2c310cec8d32,Childrens,Green Eggs and Ham (Beginner Books B-16),3,10.79
4f6985aca357ae09,Sequential Art,"Grayson, Vol 3: Nemesis (Grayson #3)",3,42.720000000000006
c300cc9326592b65,Nonfiction,Gratitude,3,26.66
d5c588b6f9c015e4,Default,Gone Girl,3,37.6
984b3b6e7479b571,Young Adult,Golden (Heart of Dread #3),3,42.21
41fc5dce044f16f5,Historical Fiction,Girl in the Blue Coat,3,46.83
d5f5a122a593b580,Sequential Art,"Fruits Basket, Vol. 3 (Fruits Basket #3)",3,45.17
a9aa3ed5b316470b,Sports and Games,"Friday Night Lights: A Town, a Team, and a Dream",3,51.220000000000006
2ed3a794a70aa85f,Add a comment,Fire Bound (Sea Haven/Sisters of the Heart #5),3,21.279999999999998
ed813a848580ba50,Adult Fiction,Fifty Shades Freed (Fifty Shades #3),3,15.360000000000001
147019cae600694e,Default,Fellside,3,38.620000000000005
588ba85ff11a3263,Mystery,Extreme Prey (Lucas Davenport #26),3,25.4
b843f52a986a2914,Fantasy,Eragon (The Inheritance Cycle #1),3,43.87
73f71f9556442117,Default,Eclipse (Twilight #3),3,18.74
36d5884d44484277,Science Fiction,Dune (Dune #1),3,54.86
a7ec599c1a547746,Default,Dracula,3,52.620000000000005
98330e431e56a9ea,Science Fiction,Do Androids Dream of Electric Sheep? (Blade Runner #1),3,51.48
81372abc86f65c79,Nonfiction,Disrupted: My Misadventure in the Start-Up Bubble,3,15.28
04d858cdeeee0da4,Default,Dead Wake: The Last Crossing of the Lusitania,3,39.24
d234ddecef49ef4e,Default,"David and Goliath: Underdogs, Misfits, and the Art of Battling Giants",3,17.810000000000002
468bd274ac084bb9,Fantasy,Darkfever (Fever #1),3,56.02
66937c669c4da072,Default,Dark Places,3,23.9
c9782ad2a0ed9331,Fiction,Crazy Rich Asians (Crazy Rich Asians #1),3,49.13
157f693d9e600ccc,Childrens,Counting Thyme,3,10.62
dbe33cf29ef1623d,Add a comment,Cosmos,3,36.17
396385e3de5d18c3,Psychology,Civilization and Its Discontents,3,59.949999999999996
7e9579921e5407cb,Young Adult,Cinder (The Lunar Chronicles #1),3,26.09
ef49db2aaa9bb547,Parenting,Catastrophic Happiness: Finding Joy in Childhood's Messy Years,3,37.349999999999994
b461cf238506c5b8,Mystery,Career of Evil (Cormoran Strike #3),3,24.72
bbfc4a3b7b6c94a0,Default,Breaking Dawn (Twilight #4),3,35.28
fd2337c1b73b686e,Nonfiction,Brave Enough,3,51.32
8e0bc2fe4e7d35b5,Young Adult,Boy Meets Boy,3,21.12
e256de8aa0c2115f,Nonfiction,"Born to Run: A Hidden Tribe, Superathletes, and the Greatest Race the World Has Never Seen",3,27.35
0bbc48294707ba96,Nonfiction,Blink: The Power of Thinking Without Thinking,3,21.74
860318b8e244f39c,Nonfiction,Black Flags: The Rise of ISIS,3,40.87
15f415d436888b2d,Sequential Art,"Black Butler, Vol. 1 (Black Butler #1)",3,49.309999999999995
d3f9c4539c0caa64,Fiction,Big Little Lies,3,22.110000000000003
155e42df837ee5ff,Historical Fiction,Between Shades of Gray,3,20.79
67dea6c75d6a1075,Romance,Best of My Love (Fool's Gold #20),3,27.41
3fb69f34e178d494,Classics,Beowulf,3,38.349999999999994
5439bae708bca198,Default,Beautiful Creatures (Caster Chronicles #1),3,21.55
1d89a2aa9f6ce50f,Sequential Art,Awkward,3,38.02
5d22e2a46604b6e7,Fantasy,Ash,3,22.06
ef9c4f2465513956,Childrens,Are We There Yet?,3,10.66
da0349a87c8caa2f,Nonfiction,Are We Smart Enough to Know How Smart Animals Are?,3,56.58
7bf87402413c27ff,Young Adult,Annie on My Mind,3,36.83
cfe350b20d23b02b,Classics,And Then There Were None,3,35.01
bcee4f289ff6699c,Nonfiction,A Walk in the Woods: Rediscovering America on the Appalachian Trail,3,30.479999999999997
5dbd6ec4e154ad2f,Default,A Visit from the Goon Squad,3,14.08
87beabf664115d79,Fantasy,A Storm of Swords (A Song of Ice and Fire #3),3,31.22
c9770bb1d5a492a0,Autobiography,A Heartbreaking Work of Staggering Genius,3,54.290000000000006
f5873c8fc7760000,Psychology,8 Keys to Mental Health Through Exercise,3,31.04
165affa7adb5eded,Add a comment,#GIRLBOSS,3,50.96
d2185b65af52d68c,Nonfiction,"The Suffragettes (Little Black Classics, #96)",2,11.89
4130678275eb7c8c,Add a comment,The Sense of an Ending,2,31.38
276dc716b1da8899,Sequential Art,"The Sandman, Vol. 2: The Doll's House (The Sandman (volumes) #2)",2,54.809999999999995
f3c76b53b239f511,Fiction,The Course of Love,2,16.779999999999998
ce42e3de94226b2b,Sports and Games,Sugar Rush (Offensive Line #2),2,24.419999999999998
9189fd009df41d0e,Sequential Art,"Saga, Volume 2 (Saga (Collected Editions) #2)",2,11.75
b0e479be03911916,Philosophy,"Run, Spot, Run: The Ethics of Keeping Pets",2,20.02
6fa3ea52c8e31e06,Young Adult,New Moon (Twilight #2),2,12.860000000000001
637e5a45062aa548,Music,Life,2,31.58
fb495f9f9015a772,Nonfiction,Kindle Paperwhite User's Guide,2,34
b6d3f4f4ee1f6069,Nonfiction,H is for Hawk,2,57.42
97b8f130d32e9f4e,Young Adult,Girl Online On Tour (Girl Online #2),2,53.47
c0db71f6bb14db11,Sequential Art,"Fruits Basket, Vol. 2 (Fruits Basket #2)",2,11.639999999999999
d7b463918d3b8c39,Childrens,Diary of a Minecraft Zombie Book 1: A Scare of a Dare (An Unofficial Minecraft Book),2,52.879999999999995
09d26b5f819c6a36,Sequential Art,"Y: The Last Man, Vol. 1: Unmanned (Y: The Last Man #1)",1,18.51
8ceb5c6aed2c5f8b,Historical Fiction,While You Were Mine,1,41.32
def389ddfda6991b,Romance,Where Lightning Strikes (Bleeding Stars #3),1,39.77
c5f91eb481427dc5,Fiction,When I'm Gone,1,51.96
66a4e422b212726a,Art,Ways of Seeing,1,39.51
e7e87087b1a44711,Paranormal,"Vampire Knight, Vol. 1 (Vampire Knight #1)",1,15.4
dab5e75d1339706a,Fantasy,Vampire Girl (Vampire Girl #1),1,53.82
e63c3f25338baf9a,Poetry,Twenty Love Poems and a Song of Despair,1,30.95
0268f149d014b389,Nonfiction,Travels with Charley: In Search of America,1,57.82
460f97a346b44bac,Science Fiction,Three Wishes (River of Time: California #1),1,44.18
d6d98d3508c30f57,Romance,This One Moment (Pushing Limits #1),1,48.71
9c96cd1329fbd82d,Default,The Zombie Room,1,19.69
dac9d1e654fac737,Sequential Art,"The Wicked + The Divine, Vol. 1: The Faust Act (The Wicked + The Divine)",1,36.52
6514add13c82b115,Nonfiction,The Tumor,1,41.56
32d035df92ab9080,Classics,The Story of Hong Gildong,1,43.190000000000005
b78deb463531d078,Fiction,The Silent Wife,1,12.34
9e9932ae1a7d0943,Fantasy,The Silent Twin (Detective Jennifer Knight #3),1,36.25
6f2c0a9adbb2bca9,Science,The Selfish Gene,1,29.45
38f776ab9118aed7,Historical Fiction,The Secret Healer,1,34.56
5faefdc861684eb1,Sequential Art,"The Sandman, Vol. 1: Preludes and Nocturnes (The Sandman (volumes) #1)",1,54.120000000000005
0ec9d2b018fb10d8,Add a comment,The Republic,1,33.78
f0512adadffd2480,Add a comment,The Odyssey,1,29.64
b0913e67d38d5ed5,Mystery,The No. 1 Ladies' Detective Agency (No. 1 Ladies' Detective Agency #1),1,57.7
5c10b64db3e4f228,Philosophy,The Nicomachean Ethics,1,36.339999999999996
c8614adb1a90b027,Default,The Name of the Wind (The Kingkiller Chronicle #1),1,50.59
c40b70e0f6d80189,Fantasy,The Mirror & the Maze (The Wrath and the Dawn #1.5),1,29.38
1aeca7d078d57deb,Classics,The Little Prince,1,45.42
04e43893e32f9d29,Add a comment,The Light of the Fireflies,1,54.43
16c71736dae78764,Science Fiction,The Last Girl (The Dominion Trilogy #1),1,36.260000000000005
86d8bd7afa5b51b3,Add a comment,The Iliad,1,16.16
6e473eff459e809f,New Adult,The Hook Up (Game On #1),1,36.290000000000006
fff8a057a40c4a60,Young Adult,The Haters,1,27.89
4280ac3eab57aa5d,Mystery,The Girl You Lost,1,12.29
ee61197edb882599,Mystery,The Girl In The Ice (DCI Erika Foster #1),1,15.850000000000001
09659d1639a1f978,Nonfiction,The End of the Jesus Era (An Investigation #1),1,14.4
29fc016c459aeb14,Womens Fiction,The Edge of Reason (Bridget Jones #2),1,19.18
3301af038a720587,Sequential Art,The Complete Maus (Maus #1-2),1,10.639999999999999
18b4545a5ed15581,Add a comment,The Communist Manifesto,1,14.76
f3a0b8c835129558,Religion,The Bhagavad Gita,1,57.49
dfb0849016bc122c,Fiction,The Bette Davis Club,1,30.66
5bc1fbccfbf2355c,Young Adult,The Art of Not Breathing,1,40.83
a7eef9d6795422c1,Default,Taking Shots (Assassins #1),1,18.88
e25164e5b3fe208b,Historical Fiction,Starlark,1,25.830000000000002
2ac720f76384c57e,Sequential Art,"Skip Beat!, Vol. 01 (Skip Beat! #1)",1,42.120000000000005
3a9a7c5895e82646,Fantasy,Sister Sable (The Mad Queen #1),1,13.33
9ed7090d8fa690b0,Default,Shatter Me (Shatter Me #1),1,42.4
c068c013d6921fea,New Adult,Shameless,1,58.349999999999994
229cd6564bf0dce4,Fantasy,Shadow Rites (Jane Yellowrock #10),1,21.72
132adf7335bb384a,Sports and Games,Settling the Score (The Summer Games #1),1,44.91
35e44170702139a4,Classics,Sense and Sensibility,1,37.46
4f64568dfefa3ce7,Sequential Art,"Saga, Volume 1 (Saga (Collected Editions) #1)",1,28.479999999999997
9efb397067eb7e8a,Romance,"Rhythm, Chord & Malykhin",1,28.34
3cdca3b4a93980f5,Sequential Art,"Rat Queens, Vol. 1: Sass & Sorcery (Rat Queens (Collected Editions) #1-5)",1,46.96
849db7ab7f4a640c,Default,Paradise Lost (Paradise #1),1,24.959999999999997
bcbcbcf0f6ed196f,Sequential Art,"Paper Girls, Vol. 1 (Paper Girls #1-5)",1,21.71
326825e02a198cf6,Sequential Art,"Ouran High School Host Club, Vol. 1 (Ouran High School Host Club #1)",1,29.87
8932e5c12f12ffed,Fantasy,Origins (Alphas 0.5),1,28.99
7ea31f38675b91c1,Fantasy,One Second (Seven #7),1,52.94
9ff997ab15713e53,Default,On the Road (Duluoz Legend),1,32.36
a1985630339f4b3d,Music,Old Records Never Die: One Man's Quest for His Vinyl and His Past,1,55.660000000000004
b6f1cfadc4dd79d4,New Adult,Off Sides (Off #1),1,39.449999999999996
39592d9d72e717c4,Classics,Of Mice and Men,1,47.11
63e20a0f98218a87,Fantasy,Myriad (Prentor #1),1,58.75
fd78f89878479f56,Romance,My Perfect Mistake (Over the Top #1),1,38.92
35a60467893aa168,Sequential Art,"Ms. Marvel, Vol. 1: No Normal (Ms. Marvel (2014-2015) #1)",1,39.39
4f19709e47883df5,Philosophy,Meditations,1,25.89
1053fb7ee17a1f33,Childrens,Matilda,1,28.34
d510567580c8be52,Historical Fiction,Lost Among the Living,1,27.7
71a6471bbdac21d9,Add a comment,Lord of the Flies,1,24.89
6e712ea24e77bd96,Romance,Listen to Me (Fusion #1),1,58.99
06f6a57a6d532844,Fiction,Kitchens of the Great Midwest,1,57.2
8d390a1fc3133d06,Default,Jane Eyre,1,38.43
f28f7299d38c0932,Romance,Imperfect Harmony,1,34.74
3455b45888fb5053,Sports and Games,Icing (Aces Hockey #2),1,40.44
6fe02600f322a0a9,Sequential Art,"Hawkeye, Vol. 1: My Life as a Weapon (Hawkeye #1)",1,45.24
6717a70913b3db79,Science Fiction,Having the Barbarian's Baby (Ice Planet Barbarians #7.5),1,34.96
eb0fe24bbc845ecc,Sequential Art,"Giant Days, Vol. 1 (Giant Days #1-4)",1,56.760000000000005
72e6fbf4f6382557,Sequential Art,"Fruits Basket, Vol. 1 (Fruits Basket #1)",1,40.28
a492f49a3e2b6a71,Default,Frankenstein,1,38
e564c3f1a93ccf2e,Music,Forever Rockers (The Rocker #12),1,28.8
6390772a3094939d,Romance,Fighting Fate (Fighting #6),1,39.24
2e69730561ed70ad,Classics,Emma,1,32.93
df56868afd166557,Nonfiction,"Eat, Pray, Love",1,51.32
0072b94dfa30608e,Romance,Deep Under (Walker Security #1),1,47.09
a812f6969ddf3e39,Religion,Choosing Our Religion: The Spiritual Lives of America's Nones,1,28.419999999999998
1774749f2cee292f,Childrens,Charlie and the Chocolate Factory (Charlie Bucket #1),1,22.85
a96404cb928895f3,Romance,Charity's Cross (Charles Towne Belles #4),1,41.24
230ac636ea0ea415,Fiction,Bright Lines,1,39.07
a2b4b685dfa94733,Womens Fiction,Bridget Jones's Diary (Bridget Jones #1),1,29.82
abc0b15f2c907ff0,Romance,Bounty (Colorado Mountain #7),1,37.260000000000005
95cdfd514098c38b,Mystery,Blood Defense (Samantha Brinkman #1),1,20.3
099fae4a0705d63b,Sequential Art,"Bleach, Vol. 1: Strawberry and the Soul Reapers (Bleach #1)",1,34.65
08672cd59171d5e4,Philosophy,Beyond Good and Evil,1,43.379999999999995
cd2a2a70dd5d176d,Classics,Alice in Wonderland (Alice's Adventures in Wonderland #1),1,55.53
bfd5e1701c862ac3,Sequential Art,"Ajin: Demi-Human, Volume 1 (Ajin: Demi-Human #1)",1,57.06
19fec36a1dfb4c16,Historical Fiction,A Spy's Devotion (The Regency Spies of London #1),1,16.97
f684a82adc49f011,Mystery,1st to Die (Women's Murder Club #1),1,53.98
228ba5e7577e1d49,Travel,"1,000 Places to See Before You Die",1,26.08
